日期,現鈔買入,現鈔賣出,即期買入,即期賣出
2014-01-02,4.836,5.011,4.919,4.969
2014-01-03,4.842,5.017,4.927,4.977
2014-01-06,4.848,5.023,4.935,4.985
2014-01-07,4.86,5.036,4.95,5
2014-01-08,4.867,5.043,4.962,5.012
2014-01-09,4.86,5.036,4.956,5.006
2014-01-10,4.858,5.034,4.952,5.002
2014-01-13,4.856,5.031,4.952,5.002
2014-01-14,4.865,5.041,4.963,5.013
2014-01-15,4.867,5.043,4.971,5.021
2014-01-16,4.864,5.04,4.97,5.02
2014-01-17,4.865,5.041,4.969,5.019
2014-01-20,4.866,5.042,4.972,5.022
2014-01-21,4.875,5.052,4.978,5.028
2014-01-22,4.891,5.065,4.976,5.026
2014-01-23,4.9,5.074,4.98,5.03
2014-01-24,4.903,5.077,4.981,5.031
2014-01-27,4.931,5.107,5.005,5.055
2014-01-28,4.923,5.099,5.005,5.055
2014-01-29,4.911,5.087,4.999,5.049
2014-02-05,4.91,5.086,5.005,5.055
2014-02-06,4.908,5.082,5.002,5.052
2014-02-07,4.905,5.079,4.998,5.048
2014-02-10,4.909,5.085,4.996,5.046
2014-02-11,4.91,5.086,4.995,5.045
2014-02-12,4.909,5.085,4.996,5.046
2014-02-13,4.908,5.082,4.992,5.042
2014-02-14,4.904,5.078,4.993,5.043
2014-02-17,4.896,5.07,4.983,5.033
2014-02-18,4.904,5.078,4.992,5.042
2014-02-19,4.891,5.065,4.983,5.033
2014-02-20,4.889,5.063,4.974,5.024
2014-02-21,4.887,5.061,4.957,5.007
2014-02-24,4.887,5.061,4.953,5.003
2014-02-25,4.864,5.038,4.929,4.979
2014-02-26,4.854,5.027,4.925,4.975
2014-02-27,4.853,5.026,4.937,4.987
2014-03-03,4.839,5.011,4.924,4.974
2014-03-04,4.838,5.01,4.918,4.968
2014-03-05,4.854,5.027,4.918,4.968
2014-03-06,4.857,5.031,4.932,4.982
2014-03-07,4.853,5.026,4.933,4.983
2014-03-10,4.841,5.013,4.914,4.964
2014-03-11,4.841,5.013,4.914,4.964
2014-03-12,4.836,5.008,4.91,4.96
2014-03-13,4.839,5.011,4.913,4.963
2014-03-14,4.831,5.002,4.904,4.954
2014-03-17,4.813,4.983,4.891,4.941
2014-03-18,4.804,4.974,4.885,4.935
2014-03-19,4.805,4.975,4.885,4.935
2014-03-20,4.805,4.975,4.897,4.947
2014-03-21,4.813,4.983,4.903,4.953
2014-03-24,4.821,4.991,4.911,4.961
2014-03-25,4.83,5.001,4.911,4.961
2014-03-26,4.822,4.992,4.903,4.953
2014-03-27,4.817,4.987,4.892,4.942
2014-03-28,4.814,4.984,4.89,4.94
2014-03-31,4.799,4.969,4.875,4.925
2014-04-01,4.795,4.965,4.868,4.918
2014-04-02,4.782,4.952,4.858,4.908
2014-04-03,4.779,4.949,4.851,4.901
2014-04-07,4.77,4.939,4.841,4.891
2014-04-08,4.773,4.942,4.843,4.893
2014-04-09,4.757,4.925,4.83,4.88
2014-04-10,4.734,4.902,4.805,4.855
2014-04-11,4.742,4.91,4.814,4.864
2014-04-14,4.761,4.929,4.829,4.879
2014-04-15,4.749,4.917,4.816,4.866
2014-04-16,4.751,4.919,4.819,4.869
2014-04-17,4.752,4.92,4.822,4.872
2014-04-18,4.752,4.92,4.824,4.874
2014-04-21,4.752,4.92,4.825,4.875
2014-04-22,4.756,4.924,4.828,4.878
2014-04-23,4.756,4.924,4.826,4.876
2014-04-24,4.749,4.917,4.821,4.871
2014-04-25,4.743,4.911,4.812,4.862
2014-04-28,4.745,4.913,4.813,4.863
2014-04-29,4.729,4.897,4.8,4.85
2014-04-30,4.727,4.894,4.794,4.844
2014-05-02,4.723,4.89,4.796,4.846
2014-05-05,4.722,4.889,4.792,4.842
2014-05-06,4.741,4.909,4.813,4.863
2014-05-07,4.731,4.899,4.804,4.854
2014-05-08,4.737,4.905,4.809,4.859
2014-05-09,4.738,4.906,4.808,4.858
2014-05-12,4.738,4.906,4.808,4.858
2014-05-13,4.744,4.912,4.812,4.862
2014-05-14,4.739,4.907,4.811,4.861
2014-05-15,4.747,4.915,4.818,4.868
2014-05-16,4.742,4.91,4.813,4.863
2014-05-19,4.731,4.899,4.804,4.854
2014-05-20,4.735,4.903,4.807,4.857
2014-05-21,4.738,4.906,4.811,4.861
2014-05-22,4.735,4.903,4.807,4.857
2014-05-23,4.729,4.897,4.802,4.852
2014-05-26,4.729,4.896,4.802,4.852
2014-05-27,4.726,4.893,4.797,4.847
2014-05-28,4.714,4.881,4.781,4.831
2014-05-29,4.712,4.879,4.78,4.83
2014-05-30,4.705,4.872,4.773,4.823
2014-06-03,4.702,4.869,4.772,4.822
2014-06-04,4.71,4.877,4.779,4.829
2014-06-05,4.708,4.875,4.775,4.825
2014-06-06,4.706,4.873,4.778,4.828
2014-06-09,4.712,4.879,4.789,4.839
2014-06-10,4.724,4.891,4.799,4.849
2014-06-11,4.718,4.885,4.792,4.842
2014-06-12,4.728,4.895,4.798,4.848
2014-06-13,4.733,4.901,4.805,4.855
2014-06-16,4.729,4.896,4.801,4.851
2014-06-17,4.721,4.888,4.792,4.842
2014-06-18,4.718,4.885,4.788,4.838
2014-06-19,4.715,4.882,4.788,4.838
2014-06-20,4.721,4.888,4.791,4.841
2014-06-23,4.722,4.889,4.792,4.842
2014-06-24,4.715,4.882,4.787,4.837
2014-06-25,4.711,4.878,4.782,4.832
2014-06-26,4.712,4.879,4.785,4.835
2014-06-27,4.715,4.882,4.786,4.836
2014-06-30,4.719,4.886,4.786,4.836
2014-07-01,4.72,4.887,4.789,4.839
2014-07-02,4.711,4.878,4.781,4.831
2014-07-03,4.71,4.871,4.782,4.832
2014-07-04,4.717,4.879,4.788,4.838
2014-07-07,4.725,4.887,4.8,4.85
2014-07-08,4.722,4.884,4.795,4.845
2014-07-09,4.727,4.889,4.798,4.848
2014-07-10,4.723,4.885,4.797,4.847
2014-07-11,4.724,4.886,4.796,4.846
2014-07-14,4.725,4.887,4.798,4.848
2014-07-15,4.731,4.894,4.802,4.852
2014-07-16,4.734,4.897,4.806,4.856
2014-07-17,4.735,4.898,4.809,4.859
2014-07-18,4.732,4.895,4.805,4.855
2014-07-21,4.73,4.893,4.805,4.855
2014-07-22,4.733,4.896,4.807,4.857
2014-07-24,4.741,4.904,4.818,4.868
2014-07-25,4.742,4.905,4.815,4.865
2014-07-28,4.742,4.905,4.818,4.868
2014-07-29,4.744,4.907,4.819,4.869
2014-07-30,4.751,4.914,4.825,4.875
2014-07-31,4.758,4.921,4.83,4.88
2014-08-01,4.755,4.918,4.829,4.879
2014-08-04,4.752,4.915,4.829,4.879
2014-08-05,4.757,4.92,4.834,4.884
2014-08-06,4.767,4.93,4.841,4.891
2014-08-07,4.772,4.935,4.841,4.891
2014-08-08,4.771,4.934,4.845,4.895
2014-08-11,4.775,4.938,4.85,4.9
2014-08-12,4.772,4.935,4.845,4.895
2014-08-13,4.771,4.934,4.844,4.894
2014-08-14,4.777,4.94,4.85,4.9
2014-08-15,4.773,4.936,4.848,4.898
2014-08-18,4.779,4.943,4.855,4.905
2014-08-19,4.78,4.944,4.856,4.906
2014-08-20,4.779,4.943,4.853,4.903
2014-08-21,4.775,4.938,4.848,4.898
2014-08-22,4.771,4.931,4.842,4.892
2014-08-25,4.776,4.936,4.845,4.895
2014-08-26,4.772,4.932,4.844,4.894
2014-08-27,4.769,4.929,4.841,4.891
2014-08-28,4.767,4.927,4.837,4.887
2014-08-29,4.768,4.928,4.838,4.888
2014-09-01,4.764,4.924,4.834,4.884
2014-09-02,4.77,4.93,4.839,4.889
2014-09-03,4.77,4.93,4.84,4.89
2014-09-04,4.775,4.935,4.845,4.895
2014-09-05,4.775,4.935,4.844,4.894
2014-09-09,4.783,4.943,4.855,4.905
2014-09-10,4.792,4.953,4.862,4.912
2014-09-11,4.792,4.953,4.862,4.912
2014-09-12,4.792,4.953,4.863,4.913
2014-09-15,4.794,4.955,4.858,4.908
2014-09-16,4.788,4.95,4.861,4.911
2014-09-17,4.79,4.952,4.871,4.921
2014-09-18,4.806,4.968,4.89,4.94
2014-09-19,4.807,4.969,4.893,4.943
2014-09-22,4.807,4.969,4.891,4.941
2014-09-23,4.81,4.972,4.893,4.943
2014-09-24,4.813,4.975,4.899,4.949
2014-09-25,4.819,4.981,4.901,4.951
2014-09-26,4.826,4.989,4.904,4.954
2014-09-29,4.844,5.007,4.92,4.97
2014-09-30,4.837,5,4.909,4.959
2014-10-01,4.843,5.006,4.902,4.952
2014-10-02,4.839,5.002,4.908,4.958
2014-10-03,4.836,4.999,4.91,4.96
2014-10-06,4.845,5.008,4.921,4.971
2014-10-07,4.841,5.004,4.925,4.975
2014-10-08,4.842,5.005,4.926,4.976
2014-10-09,4.835,4.998,4.923,4.973
2014-10-13,4.846,5.009,4.927,4.977
2014-10-14,4.85,5.013,4.93,4.98
2014-10-15,4.845,5.008,4.925,4.975
2014-10-16,4.849,5.012,4.929,4.979
2014-10-17,4.846,5.009,4.923,4.973
2014-10-20,4.849,5.012,4.931,4.981
2014-10-21,4.85,5.013,4.936,4.986
2014-10-22,4.851,5.014,4.937,4.987
2014-10-23,4.86,5.022,4.937,4.987
2014-10-24,4.86,5.022,4.935,4.985
2014-10-27,4.863,5.025,4.939,4.989
2014-10-28,4.862,5.024,4.941,4.991
2014-10-29,4.861,5.023,4.942,4.992
2014-10-30,4.86,5.022,4.939,4.989
2014-10-31,4.873,5.036,4.949,4.999
2014-11-03,4.873,5.036,4.949,4.999
2014-11-04,4.878,5.041,4.956,5.006
2014-11-05,4.883,5.046,4.963,5.013
2014-11-06,4.889,5.052,4.967,5.017
2014-11-07,4.895,5.059,4.967,5.017
2014-11-10,4.884,5.047,4.962,5.012
2014-11-11,4.883,5.046,4.959,5.009
2014-11-12,4.889,5.052,4.965,5.015
2014-11-13,4.891,5.054,4.969,5.019
2014-11-14,4.891,5.054,4.973,5.023
2014-11-17,4.901,5.065,4.983,5.033
2014-11-18,4.91,5.074,4.994,5.044
2014-11-19,4.925,5.09,5.008,5.058
2014-11-20,4.953,5.116,5.025,5.075
2014-11-21,4.952,5.115,5.026,5.076
2014-11-24,4.937,5.099,5.007,5.057
2014-11-25,4.934,5.096,4.997,5.047
2014-11-26,4.934,5.096,5.001,5.051
2014-11-27,4.928,5.09,4.995,5.045
2014-11-28,4.936,5.098,5.001,5.051
2014-12-01,4.948,5.11,5.013,5.063
2014-12-02,4.95,5.112,5.021,5.071
2014-12-03,4.958,5.121,5.034,5.084
2014-12-04,4.954,5.117,5.028,5.078
2014-12-05,4.958,5.121,5.033,5.083
2014-12-08,4.963,5.126,5.035,5.085
2014-12-09,4.945,5.107,5.011,5.061
2014-12-10,4.953,5.116,5.022,5.072
2014-12-11,4.949,5.111,5.019,5.069
2014-12-12,4.96,5.123,5.031,5.081
2014-12-15,4.961,5.124,5.033,5.083
2014-12-16,4.952,5.115,5.025,5.075
2014-12-17,4.955,5.118,5.027,5.077
2014-12-18,4.959,5.122,5.03,5.08
2014-12-19,4.956,5.119,5.033,5.083
2014-12-22,4.977,5.14,5.055,5.105
2014-12-23,5.002,5.167,5.076,5.126
2014-12-24,5.011,5.176,5.081,5.131
2014-12-25,5.016,5.181,5.084,5.134
2014-12-26,5.01,5.175,5.083,5.133
2014-12-27,5.005,5.17,5.078,5.128
2014-12-29,5,5.164,5.067,5.117
2014-12-30,5.006,5.171,5.07,5.12
2014-12-31,5.003,5.168,5.067,5.117
2015-01-05,5.038,5.203,5.106,5.156
2015-01-06,5.047,5.212,5.119,5.169
2015-01-07,5.047,5.212,5.121,5.171
2015-01-08,5.046,5.211,5.121,5.171
2015-01-09,5.038,5.203,5.112,5.162
2015-01-12,5.033,5.198,5.11,5.16
2015-01-13,5.029,5.194,5.105,5.155
2015-01-14,5.029,5.194,5.105,5.155
2015-01-15,5.02,5.185,5.096,5.146
2015-01-16,4.987,5.151,5.053,5.103
2015-01-19,4.962,5.125,5.03,5.08
2015-01-20,4.993,5.157,5.064,5.114
2015-01-21,4.97,5.133,5.044,5.094
2015-01-22,4.964,5.127,5.036,5.086
2015-01-23,4.927,5.089,4.996,5.046
2015-01-26,4.906,5.068,4.972,5.022
2015-01-27,4.908,5.07,4.981,5.031
2015-01-28,4.898,5.058,4.967,5.017
2015-01-29,4.927,5.089,4.993,5.043
2015-01-30,4.942,5.104,5.008,5.058
2015-02-02,4.949,5.111,5.014,5.064
2015-02-03,4.941,5.102,5.009,5.059
2015-02-04,4.919,5.08,4.996,5.046
2015-02-05,4.929,5.09,5.007,5.057
2015-02-06,4.924,5.085,5.001,5.051
2015-02-09,4.935,5.096,5.013,5.063
2015-02-10,4.938,5.099,5.015,5.065
2015-02-11,4.942,5.103,5.018,5.068
2015-02-12,4.939,5.1,5.016,5.066
2015-02-13,4.929,5.09,5.007,5.057
2015-02-16,4.929,5.09,4.997,5.047
2015-02-17,4.936,5.097,4.993,5.043
2015-02-24,4.945,5.107,5.009,5.059
2015-02-25,4.917,5.078,4.987,5.037
2015-02-26,4.912,5.073,4.984,5.034
2015-03-02,4.903,5.064,4.971,5.021
2015-03-03,4.898,5.059,4.97,5.02
2015-03-04,4.903,5.064,4.977,5.027
2015-03-05,4.917,5.078,4.99,5.04
2015-03-06,4.914,5.075,4.986,5.036
2015-03-09,4.92,5.081,4.989,5.039
2015-03-10,4.931,5.092,5.002,5.052
2015-03-11,4.948,5.11,5.019,5.069
2015-03-12,4.939,5.1,5.01,5.06
2015-03-13,4.949,5.111,5.018,5.068
2015-03-16,4.949,5.111,5.019,5.069
2015-03-17,4.946,5.108,5.024,5.074
2015-03-18,4.955,5.117,5.034,5.084
2015-03-19,4.97,5.132,5.04,5.09
2015-03-20,4.971,5.133,5.041,5.091
2015-03-23,4.957,5.119,5.038,5.088
2015-03-24,4.943,5.105,5.021,5.071
2015-03-25,4.931,5.092,5.011,5.061
2015-03-26,4.93,5.091,5.009,5.059
2015-03-27,4.929,5.09,5.002,5.052
2015-03-30,4.934,5.095,5.01,5.06
2015-03-31,4.943,5.105,5.019,5.069
2015-04-01,4.945,5.107,5.02,5.07
2015-04-02,4.931,5.092,5.005,5.055
2015-04-07,4.904,5.065,4.983,5.033
2015-04-08,4.907,5.068,4.984,5.034
2015-04-09,4.911,5.072,4.983,5.033
2015-04-10,4.92,5.081,4.992,5.042
2015-04-13,4.926,5.087,4.998,5.048
2015-04-14,4.925,5.086,5,5.05
2015-04-15,4.928,5.089,5.006,5.056
2015-04-16,4.927,5.088,5.006,5.056
2015-04-17,4.912,5.073,4.995,5.045
2015-04-20,4.896,5.057,4.978,5.028
2015-04-21,4.911,5.072,4.993,5.043
2015-04-22,4.906,5.067,4.989,5.039
2015-04-23,4.906,5.067,4.986,5.036
2015-04-24,4.871,5.03,4.953,5.003
2015-04-27,4.822,4.98,4.898,4.948
2015-04-28,4.818,4.976,4.892,4.942
2015-04-29,4.813,4.971,4.889,4.939
2015-04-30,4.836,4.994,4.91,4.96
2015-05-04,4.84,4.998,4.915,4.965
2015-05-05,4.84,4.998,4.914,4.964
2015-05-06,4.835,4.993,4.912,4.962
2015-05-07,4.841,4.999,4.916,4.966
2015-05-08,4.84,4.998,4.917,4.967
2015-05-11,4.841,4.999,4.916,4.966
2015-05-12,4.845,5.003,4.922,4.972
2015-05-13,4.841,4.999,4.92,4.97
2015-05-14,4.822,4.98,4.9,4.95
2015-05-15,4.804,4.961,4.882,4.932
2015-05-18,4.806,4.963,4.883,4.933
2015-05-19,4.805,4.962,4.881,4.931
2015-05-20,4.814,4.972,4.89,4.94
2015-05-21,4.81,4.968,4.886,4.936
2015-05-22,4.808,4.966,4.885,4.935
2015-05-25,4.813,4.971,4.89,4.94
2015-05-26,4.832,4.99,4.909,4.959
2015-05-27,4.833,4.991,4.909,4.959
2015-05-28,4.835,4.993,4.91,4.96
2015-05-29,4.847,5.005,4.922,4.972
2015-06-01,4.855,5.014,4.93,4.98
2015-06-02,4.879,5.038,4.956,5.006
2015-06-03,4.865,5.024,4.943,4.993
2015-06-04,4.872,5.031,4.949,4.999
2015-06-05,4.869,5.028,4.945,4.995
2015-06-08,4.905,5.066,4.981,5.031
2015-06-09,4.908,5.069,4.983,5.033
2015-06-10,4.877,5.036,4.953,5.003
2015-06-11,4.878,5.037,4.953,5.003
2015-06-12,4.878,5.037,4.953,5.003
2015-06-15,4.881,5.04,4.957,5.007
2015-06-16,4.877,5.036,4.953,5.003
2015-06-17,4.875,5.034,4.954,5.004
2015-06-18,4.86,5.019,4.94,4.99
2015-06-22,4.853,5.012,4.936,4.986
2015-06-23,4.863,5.022,4.946,4.996
2015-06-24,4.872,5.031,4.955,5.005
2015-06-25,4.874,5.033,4.955,5.005
2015-06-26,4.873,5.032,4.953,5.003
2015-06-29,4.883,5.042,4.962,5.012
2015-06-30,4.87,5.029,4.948,4.998
2015-07-01,4.88,5.039,4.957,5.007
2015-07-02,4.877,5.036,4.956,5.006
2015-07-03,4.875,5.034,4.954,5.004
2015-07-06,4.881,5.04,4.957,5.007
2015-07-07,4.883,5.042,4.957,5.007
2015-07-08,4.896,5.057,4.966,5.016
2015-07-09,4.888,5.047,4.96,5.01
2015-07-10,4.885,5.044,4.959,5.009
2015-07-13,4.884,5.043,4.957,5.007
2015-07-14,4.892,5.051,4.965,5.015
2015-07-15,4.891,5.05,4.967,5.017
2015-07-16,4.901,5.062,4.977,5.027
2015-07-17,4.9,5.061,4.977,5.027
2015-07-20,4.909,5.07,4.986,5.036
2015-07-21,4.919,5.08,4.997,5.047
2015-07-22,4.918,5.079,4.996,5.046
2015-07-23,4.922,5.083,4.998,5.048
2015-07-24,4.949,5.111,5.02,5.07
2015-07-27,4.961,5.123,5.033,5.083
2015-07-28,4.963,5.125,5.037,5.087
2015-07-29,4.959,5.121,5.033,5.083
2015-07-30,4.96,5.122,5.032,5.082
2015-07-31,4.979,5.141,5.05,5.1
2015-08-03,4.981,5.143,5.055,5.105
2015-08-04,4.98,5.142,5.055,5.105
2015-08-05,4.985,5.148,5.059,5.109
2015-08-06,4.989,5.153,5.063,5.113
2015-08-07,4.989,5.153,5.065,5.115
2015-08-10,4.989,5.153,5.066,5.116
2015-08-11,4.929,5.09,4.982,5.032
2015-08-12,4.788,4.959,4.865,4.915
2015-08-13,4.867,5.029,4.944,4.994
2015-08-14,4.871,5.033,4.942,4.992
2015-08-17,4.911,5.074,4.994,5.044
2015-08-18,4.938,5.1,5.012,5.062
2015-08-19,4.937,5.099,5.013,5.063
2015-08-20,4.946,5.109,5.017,5.067
2015-08-21,4.963,5.125,5.028,5.078
2015-08-24,4.983,5.145,5.045,5.095
2015-08-25,4.937,5.098,5.019,5.069
2015-08-26,4.902,5.064,4.978,5.028
2015-08-27,4.89,5.051,4.951,5.001
2015-08-28,4.899,5.06,4.961,5.011
2015-08-31,4.94,5.103,5.018,5.068
2015-09-01,4.952,5.114,5.016,5.066
2015-09-02,4.952,5.114,5.006,5.056
2015-09-03,4.95,5.112,5.002,5.052
2015-09-04,4.949,5.111,5.012,5.062
2015-09-07,4.96,5.122,5.022,5.072
2015-09-08,4.958,5.12,5.023,5.073
2015-09-09,4.943,5.105,4.998,5.048
2015-09-10,4.955,5.117,5.035,5.085
2015-09-11,4.975,5.137,5.034,5.084
2015-09-14,4.981,5.143,5.047,5.097
2015-09-15,4.986,5.148,5.054,5.104
2015-09-16,4.981,5.143,5.046,5.096
2015-09-17,4.964,5.126,5.025,5.075
2015-09-18,4.959,5.121,5.025,5.075
2015-09-21,4.982,5.144,5.052,5.102
2015-09-22,4.994,5.157,5.065,5.115
2015-09-23,5.008,5.171,5.079,5.129
2015-09-24,5.019,5.183,5.09,5.14
2015-09-25,5.054,5.219,5.126,5.176
2015-09-29,5.087,5.252,5.159,5.209
2015-09-30,5.081,5.243,5.151,5.201
2015-10-01,5.055,5.215,5.124,5.174
2015-10-02,5.065,5.226,5.134,5.184
2015-10-05,5.055,5.215,5.124,5.174
2015-10-06,5.052,5.214,5.123,5.173
2015-10-07,5.046,5.208,5.117,5.167
2015-10-08,5.031,5.193,5.102,5.152
2015-10-12,5.022,5.184,5.093,5.143
2015-10-13,5.029,5.191,5.1,5.15
2015-10-14,5.021,5.182,5.091,5.141
2015-10-15,4.984,5.144,5.054,5.104
2015-10-16,4.987,5.147,5.057,5.107
2015-10-19,4.973,5.133,5.043,5.093
2015-10-20,4.982,5.142,5.052,5.102
2015-10-21,4.993,5.153,5.063,5.113
2015-10-22,4.986,5.146,5.056,5.106
2015-10-23,4.963,5.125,5.035,5.085
2015-10-26,4.972,5.134,5.044,5.094
2015-10-27,4.976,5.138,5.048,5.098
2015-10-28,4.972,5.134,5.044,5.094
2015-10-29,5.009,5.173,5.082,5.132
2015-10-30,5.035,5.199,5.108,5.158
2015-11-02,5.014,5.178,5.087,5.137
2015-11-03,5.011,5.175,5.084,5.134
2015-11-04,4.995,5.158,5.068,5.118
2015-11-05,4.99,5.153,5.063,5.113
2015-11-06,5,5.164,5.073,5.123
2015-11-09,5.014,5.178,5.087,5.137
2015-11-10,5.02,5.184,5.093,5.143
2015-11-11,5.016,5.18,5.089,5.139
2015-11-12,5.015,5.179,5.088,5.138
2015-11-13,5.003,5.167,5.076,5.126
2015-11-16,5.028,5.192,5.101,5.151
2015-11-17,5.024,5.188,5.097,5.147
2015-11-18,5.015,5.179,5.088,5.138
2015-11-19,4.996,5.159,5.069,5.119
2015-11-20,4.979,5.141,5.051,5.101
2015-11-23,4.972,5.134,5.044,5.094
2015-11-24,4.97,5.132,5.042,5.092
2015-11-25,4.964,5.126,5.036,5.086
2015-11-26,4.963,5.125,5.035,5.085
2015-11-27,4.957,5.119,5.029,5.079
2015-11-30,4.97,5.132,5.042,5.092
2015-12-01,4.977,5.139,5.049,5.099
2015-12-02,4.978,5.14,5.05,5.1
2015-12-03,4.985,5.147,5.057,5.107
2015-12-04,4.971,5.133,5.043,5.093
2015-12-07,4.964,5.126,5.036,5.086
2015-12-08,4.959,5.121,5.031,5.081
2015-12-09,4.957,5.119,5.029,5.079
2015-12-10,4.939,5.101,5.011,5.061
2015-12-11,4.926,5.087,4.997,5.047
2015-12-14,4.926,5.087,4.997,5.047
2015-12-15,4.918,5.078,4.989,5.039
2015-12-16,4.929,5.09,5,5.05
2015-12-17,4.911,5.071,4.982,5.032
2015-12-18,4.917,5.077,4.988,5.038
2015-12-21,4.916,5.076,4.987,5.037
2015-12-22,4.924,5.085,4.995,5.045
2015-12-23,4.918,5.078,4.989,5.039
2015-12-24,4.917,5.077,4.988,5.038
2015-12-25,4.91,5.07,4.981,5.031
2015-12-28,4.91,5.072,4.983,5.033
2015-12-29,4.886,5.047,4.958,5.008
2015-12-30,4.878,5.038,4.95,5
2015-12-31,4.897,5.059,4.97,5.02
2016-01-04,4.894,5.055,4.966,5.016
2016-01-05,4.879,5.039,4.951,5.001
2016-01-06,4.861,5.021,4.933,4.983
2016-01-07,4.88,5.04,4.952,5.002
2016-01-08,4.884,5.045,4.956,5.006
2016-01-11,4.913,5.075,4.986,5.036
2016-01-12,4.965,5.129,5.039,5.089
2016-01-13,4.981,5.145,5.055,5.105
2016-01-14,4.972,5.136,5.046,5.096
2016-01-15,4.97,5.134,5.044,5.094
2016-01-18,4.997,5.162,5.072,5.122
2016-01-19,4.994,5.158,5.068,5.118
2016-01-20,5.004,5.169,5.079,5.129
2016-01-21,5.005,5.17,5.08,5.13
2016-01-22,4.987,5.151,5.061,5.111
2016-01-25,4.972,5.136,5.046,5.096
2016-01-26,4.985,5.149,5.059,5.109
2016-01-27,4.981,5.145,5.055,5.105
2016-01-28,4.981,5.145,5.055,5.105
2016-01-29,4.941,5.103,5.014,5.064
2016-01-30,4.973,5.137,5.047,5.097
2016-02-01,4.957,5.12,5.031,5.081
2016-02-02,4.943,5.105,5.016,5.066
2016-02-03,4.952,5.115,5.026,5.076
2016-02-04,4.946,5.109,5.02,5.07
2016-02-05,4.954,5.117,5.028,5.078
2016-02-15,4.982,5.146,5.056,5.106
2016-02-16,4.991,5.155,5.065,5.115
2016-02-17,4.996,5.161,5.071,5.121
2016-02-18,4.995,5.16,5.07,5.12
2016-02-19,4.997,5.162,5.072,5.122
2016-02-22,4.991,5.155,5.065,5.115
2016-02-23,4.989,5.153,5.063,5.113
2016-02-24,4.983,5.147,5.057,5.107
2016-02-25,4.989,5.153,5.063,5.113
2016-02-26,4.985,5.149,5.059,5.109
2016-03-01,4.967,5.131,5.041,5.091
2016-03-02,4.953,5.116,5.027,5.077
2016-03-03,4.941,5.103,5.014,5.064
2016-03-04,4.943,5.105,5.016,5.066
2016-03-07,4.925,5.087,4.998,5.048
2016-03-08,4.941,5.103,5.014,5.064
2016-03-09,4.951,5.114,5.025,5.075
2016-03-10,4.952,5.115,5.026,5.076
2016-03-11,4.956,5.119,5.03,5.08
2016-03-14,4.949,5.111,5.021,5.071
2016-03-15,4.945,5.107,5.017,5.067
2016-03-16,4.934,5.096,5.006,5.056
2016-03-17,4.922,5.084,4.994,5.044
2016-03-18,4.909,5.071,4.981,5.031
2016-03-21,4.902,5.064,4.974,5.024
2016-03-22,4.896,5.058,4.968,5.018
2016-03-23,4.902,5.064,4.974,5.024
2016-03-24,4.903,5.065,4.975,5.025
2016-03-25,4.901,5.063,4.973,5.023
2016-03-28,4.911,5.073,4.983,5.033
2016-03-29,4.905,5.067,4.977,5.027
2016-03-30,4.881,5.043,4.953,5.003
2016-03-31,4.875,5.037,4.947,4.997
2016-04-01,4.886,5.048,4.958,5.008
2016-04-06,4.901,5.063,4.973,5.023
2016-04-07,4.9,5.062,4.972,5.022
2016-04-08,4.901,5.063,4.973,5.023
2016-04-11,4.9,5.062,4.972,5.022
2016-04-12,4.904,5.066,4.976,5.026
2016-04-13,4.892,5.054,4.964,5.014
2016-04-14,4.888,5.05,4.96,5.01
2016-04-15,4.883,5.045,4.955,5.005
2016-04-18,4.894,5.056,4.966,5.016
2016-04-19,4.883,5.045,4.955,5.005
2016-04-20,4.883,5.045,4.955,5.005
2016-04-21,4.883,5.045,4.955,5.005
2016-04-22,4.877,5.039,4.949,4.999
2016-04-25,4.869,5.031,4.941,4.991
2016-04-26,4.873,5.035,4.945,4.995
2016-04-27,4.874,5.036,4.946,4.996
2016-04-28,4.876,5.038,4.948,4.998
2016-04-29,4.874,5.036,4.946,4.996
2016-05-03,4.868,5.03,4.94,4.99
2016-05-04,4.872,5.034,4.944,4.994
2016-05-05,4.873,5.035,4.945,4.995
2016-05-06,4.873,5.035,4.945,4.995
2016-05-09,4.873,5.035,4.945,4.995
2016-05-10,4.874,5.036,4.946,4.996
2016-05-11,4.877,5.039,4.949,4.999
2016-05-12,4.878,5.04,4.95,5
2016-05-13,4.887,5.049,4.959,5.009
2016-05-16,4.896,5.058,4.968,5.018
2016-05-17,4.888,5.05,4.96,5.01
2016-05-18,4.891,5.053,4.963,5.013
2016-05-19,4.897,5.059,4.969,5.019
2016-05-20,4.894,5.056,4.966,5.016
2016-05-23,4.88,5.042,4.952,5.002
2016-05-24,4.882,5.044,4.954,5.004
2016-05-25,4.874,5.036,4.946,4.996
2016-05-26,4.864,5.026,4.936,4.986
2016-05-27,4.854,5.016,4.926,4.976
2016-05-30,4.855,5.017,4.927,4.977
2016-05-31,4.852,5.014,4.924,4.974
2016-06-01,4.847,5.009,4.919,4.969
2016-06-02,4.853,5.015,4.925,4.975
2016-06-03,4.849,5.011,4.921,4.971
2016-06-04,4.862,5.024,4.934,4.984
2016-06-06,4.834,4.996,4.906,4.956
2016-06-07,4.82,4.982,4.892,4.942
2016-06-08,4.803,4.965,4.875,4.925
2016-06-13,4.816,4.978,4.888,4.938
2016-06-14,4.815,4.977,4.887,4.937
2016-06-15,4.812,4.974,4.884,4.934
2016-06-16,4.812,4.974,4.884,4.934
2016-06-17,4.808,4.97,4.88,4.93
2016-06-20,4.797,4.959,4.869,4.919
2016-06-21,4.799,4.961,4.871,4.921
2016-06-22,4.79,4.952,4.862,4.912
2016-06-23,4.784,4.946,4.856,4.906
2016-06-24,4.789,4.951,4.861,4.911
2016-06-27,4.781,4.943,4.853,4.903
2016-06-28,4.753,4.915,4.825,4.875
2016-06-29,4.75,4.912,4.822,4.872
2016-06-30,4.748,4.91,4.82,4.87
2016-07-01,4.732,4.894,4.804,4.854
2016-07-04,4.726,4.888,4.798,4.848
2016-07-05,4.73,4.892,4.802,4.852
2016-07-06,4.735,4.897,4.807,4.857
2016-07-07,4.726,4.888,4.798,4.848
2016-07-11,4.709,4.871,4.781,4.831
2016-07-12,4.709,4.871,4.781,4.831
2016-07-13,4.709,4.871,4.781,4.831
2016-07-14,4.692,4.854,4.764,4.814
2016-07-15,4.679,4.841,4.751,4.801
2016-07-18,4.673,4.835,4.745,4.795
2016-07-19,4.673,4.835,4.745,4.795
2016-07-20,4.691,4.853,4.763,4.813
2016-07-21,4.703,4.865,4.775,4.825
2016-07-22,4.707,4.869,4.779,4.829
2016-07-25,4.707,4.869,4.779,4.829
2016-07-26,4.707,4.869,4.779,4.829
2016-07-27,4.706,4.868,4.778,4.828
2016-07-28,4.696,4.858,4.768,4.818
2016-07-29,4.695,4.857,4.767,4.817
2016-08-01,4.665,4.827,4.737,4.787
2016-08-02,4.669,4.831,4.741,4.791
2016-08-03,4.686,4.848,4.758,4.808
2016-08-04,4.674,4.836,4.746,4.796
2016-08-05,4.644,4.806,4.716,4.766
2016-08-08,4.627,4.789,4.699,4.749
2016-08-09,4.616,4.778,4.688,4.738
2016-08-10,4.588,4.75,4.66,4.71
2016-08-11,4.614,4.776,4.686,4.736
2016-08-12,4.622,4.784,4.694,4.744
2016-08-15,4.616,4.778,4.688,4.738
2016-08-16,4.617,4.779,4.689,4.739
2016-08-17,4.635,4.797,4.707,4.757
2016-08-18,4.634,4.796,4.706,4.756
2016-08-19,4.653,4.815,4.725,4.775
2016-08-22,4.672,4.834,4.744,4.794
2016-08-23,4.667,4.829,4.739,4.789
2016-08-24,4.665,4.827,4.737,4.787
2016-08-25,4.65,4.812,4.722,4.772
2016-08-26,4.643,4.805,4.715,4.765
2016-08-29,4.653,4.815,4.725,4.775
2016-08-30,4.642,4.804,4.714,4.764
2016-08-31,4.645,4.807,4.717,4.767
2016-09-01,4.645,4.807,4.717,4.767
2016-09-02,4.64,4.802,4.712,4.762
2016-09-05,4.61,4.772,4.682,4.732
2016-09-06,4.598,4.76,4.67,4.72
2016-09-07,4.584,4.746,4.656,4.706
2016-09-08,4.593,4.755,4.665,4.715
2016-09-09,4.611,4.773,4.683,4.733
2016-09-10,4.614,4.776,4.686,4.736
2016-09-12,4.64,4.802,4.712,4.762
2016-09-13,4.641,4.803,4.713,4.763
2016-09-14,4.647,4.809,4.719,4.769
2016-09-19,4.615,4.777,4.687,4.737
2016-09-20,4.601,4.763,4.673,4.723
2016-09-21,4.606,4.768,4.678,4.728
2016-09-22,4.604,4.766,4.676,4.726
2016-09-23,4.593,4.755,4.665,4.715
2016-09-26,4.606,4.768,4.678,4.728
2016-09-27,4.606,4.768,4.678,4.728
2016-09-29,4.596,4.758,4.668,4.718
2016-09-30,4.596,4.758,4.668,4.718
2016-10-03,4.593,4.755,4.665,4.715
2016-10-04,4.591,4.753,4.663,4.713
2016-10-05,4.588,4.75,4.66,4.71
2016-10-06,4.591,4.753,4.663,4.713
2016-10-07,4.592,4.754,4.664,4.714
2016-10-11,4.606,4.768,4.678,4.728
2016-10-12,4.609,4.771,4.681,4.731
2016-10-13,4.613,4.775,4.685,4.735
2016-10-14,4.603,4.765,4.675,4.725
2016-10-17,4.609,4.771,4.681,4.731
2016-10-18,4.595,4.757,4.667,4.717
2016-10-19,4.576,4.738,4.648,4.698
2016-10-20,4.576,4.738,4.648,4.698
2016-10-21,4.574,4.736,4.646,4.696
2016-10-24,4.578,4.74,4.65,4.7
2016-10-25,4.561,4.723,4.633,4.683
2016-10-26,4.558,4.72,4.63,4.68
2016-10-27,4.563,4.725,4.635,4.685
2016-10-28,4.558,4.72,4.63,4.68
2016-10-31,4.557,4.719,4.629,4.679
2016-11-01,4.555,4.717,4.627,4.677
2016-11-02,4.56,4.722,4.632,4.682
2016-11-03,4.551,4.713,4.623,4.673
2016-11-04,4.549,4.711,4.621,4.671
2016-11-07,4.547,4.709,4.619,4.669
2016-11-08,4.542,4.704,4.614,4.664
2016-11-09,4.529,4.691,4.601,4.651
2016-11-10,4.54,4.702,4.612,4.662
2016-11-11,4.557,4.719,4.629,4.679
2016-11-14,4.569,4.731,4.641,4.691
2016-11-15,4.54,4.702,4.612,4.662
2016-11-16,4.531,4.693,4.603,4.653
2016-11-17,4.529,4.691,4.601,4.651
2016-11-18,4.532,4.694,4.604,4.654
2016-11-21,4.531,4.693,4.603,4.653
2016-11-22,4.521,4.683,4.593,4.643
2016-11-23,4.508,4.67,4.58,4.63
2016-11-24,4.495,4.657,4.567,4.617
2016-11-25,4.504,4.666,4.576,4.626
2016-11-28,4.494,4.656,4.566,4.616
2016-11-29,4.504,4.666,4.576,4.626
2016-11-30,4.521,4.683,4.593,4.643
2016-12-01,4.521,4.683,4.593,4.643
2016-12-02,4.542,4.704,4.614,4.664
2016-12-05,4.554,4.716,4.626,4.676
2016-12-06,4.546,4.708,4.618,4.668
2016-12-07,4.519,4.681,4.591,4.641
2016-12-08,4.507,4.669,4.579,4.629
2016-12-09,4.498,4.66,4.57,4.62
2016-12-12,4.495,4.657,4.567,4.617
2016-12-13,4.495,4.657,4.567,4.617
2016-12-14,4.497,4.659,4.569,4.619
2016-12-15,4.505,4.667,4.577,4.627
2016-12-16,4.509,4.671,4.581,4.631
2016-12-19,4.502,4.664,4.574,4.624
2016-12-20,4.51,4.672,4.582,4.632
2016-12-21,4.514,4.676,4.586,4.636
2016-12-22,4.514,4.676,4.586,4.636
2016-12-23,4.529,4.691,4.601,4.651
2016-12-26,4.531,4.693,4.603,4.653
2016-12-27,4.541,4.703,4.613,4.663
2016-12-28,4.543,4.705,4.615,4.665
2016-12-29,4.532,4.694,4.604,4.654
2016-12-30,4.52,4.682,4.592,4.642
2017-01-03,4.527,4.689,4.599,4.649
2017-01-04,4.554,4.716,4.626,4.676
2017-01-05,4.591,4.753,4.663,4.713
2017-01-06,4.572,4.734,4.644,4.694
2017-01-09,4.569,4.731,4.641,4.691
2017-01-10,4.54,4.702,4.612,4.662
2017-01-11,4.527,4.689,4.599,4.649
2017-01-12,4.512,4.674,4.584,4.634
2017-01-13,4.521,4.683,4.593,4.643
2017-01-16,4.525,4.687,4.597,4.647
2017-01-17,4.526,4.688,4.598,4.648
2017-01-18,4.537,4.699,4.609,4.659
2017-01-19,4.523,4.685,4.595,4.645
2017-01-20,4.51,4.672,4.582,4.632
2017-01-23,4.508,4.67,4.58,4.63
2017-01-24,4.504,4.666,4.576,4.626
2017-01-25,4.487,4.649,4.559,4.609
2017-01-26,4.489,4.651,4.561,4.611
2017-02-02,4.46,4.622,4.532,4.582
2017-02-03,4.454,4.616,4.526,4.576
2017-02-06,4.444,4.606,4.516,4.566
2017-02-07,4.449,4.611,4.521,4.571
2017-02-08,4.443,4.605,4.515,4.565
2017-02-09,4.432,4.594,4.504,4.554
2017-02-10,4.423,4.585,4.495,4.545
2017-02-13,4.414,4.576,4.486,4.536
2017-02-14,4.401,4.563,4.473,4.523
2017-02-15,4.39,4.552,4.462,4.512
2017-02-16,4.4,4.562,4.472,4.522
2017-02-17,4.393,4.555,4.465,4.515
2017-02-18,4.398,4.56,4.47,4.52
2017-02-20,4.396,4.558,4.468,4.518
2017-02-21,4.386,4.548,4.458,4.508
2017-02-22,4.385,4.547,4.457,4.507
2017-02-23,4.381,4.543,4.453,4.503
2017-02-24,4.374,4.536,4.446,4.496
2017-03-01,4.381,4.543,4.453,4.503
2017-03-02,4.382,4.544,4.454,4.504
2017-03-03,4.396,4.558,4.468,4.518
2017-03-06,4.397,4.559,4.469,4.519
2017-03-07,4.377,4.539,4.449,4.499
2017-03-08,4.37,4.532,4.442,4.492
2017-03-09,4.394,4.556,4.466,4.516
2017-03-10,4.395,4.557,4.467,4.517
2017-03-13,4.392,4.554,4.464,4.514
2017-03-14,4.385,4.547,4.457,4.507
2017-03-15,4.376,4.538,4.448,4.498
2017-03-16,4.371,4.533,4.443,4.493
2017-03-17,4.346,4.508,4.418,4.468
2017-03-20,4.333,4.495,4.405,4.455
2017-03-21,4.324,4.486,4.396,4.446
2017-03-22,4.344,4.506,4.416,4.466
2017-03-23,4.337,4.499,4.409,4.459
2017-03-24,4.333,4.495,4.405,4.455
2017-03-27,4.316,4.478,4.388,4.438
2017-03-28,4.295,4.457,4.367,4.417
2017-03-29,4.307,4.469,4.379,4.429
2017-03-30,4.306,4.468,4.378,4.428
2017-03-31,4.31,4.472,4.382,4.432
2017-04-05,4.318,4.48,4.39,4.44
2017-04-06,4.337,4.499,4.409,4.459
2017-04-07,4.342,4.504,4.414,4.464
2017-04-10,4.337,4.499,4.409,4.459
2017-04-11,4.339,4.501,4.411,4.461
2017-04-12,4.33,4.492,4.402,4.452
2017-04-13,4.309,4.471,4.381,4.431
2017-04-14,4.315,4.477,4.387,4.437
2017-04-17,4.311,4.473,4.383,4.433
2017-04-18,4.318,4.48,4.39,4.44
2017-04-19,4.32,4.482,4.392,4.442
2017-04-20,4.322,4.484,4.394,4.444
2017-04-21,4.313,4.475,4.385,4.435
2017-04-24,4.298,4.46,4.37,4.42
2017-04-25,4.28,4.442,4.352,4.402
2017-04-26,4.27,4.432,4.342,4.392
2017-04-27,4.272,4.434,4.344,4.394
2017-04-28,4.279,4.441,4.351,4.401
2017-05-02,4.263,4.425,4.335,4.385
2017-05-03,4.263,4.425,4.335,4.385
2017-05-04,4.271,4.433,4.343,4.393
2017-05-05,4.274,4.436,4.346,4.396
2017-05-08,4.271,4.433,4.343,4.393
2017-05-09,4.278,4.44,4.35,4.4
2017-05-10,4.28,4.442,4.352,4.402
2017-05-11,4.275,4.437,4.347,4.397
2017-05-12,4.274,4.436,4.346,4.396
2017-05-15,4.274,4.436,4.346,4.396
2017-05-16,4.275,4.437,4.347,4.397
2017-05-17,4.282,4.444,4.354,4.404
2017-05-18,4.291,4.453,4.363,4.413
2017-05-19,4.286,4.448,4.358,4.408
2017-05-22,4.269,4.431,4.341,4.391
2017-05-23,4.281,4.443,4.353,4.403
2017-05-24,4.284,4.446,4.356,4.406
2017-05-25,4.285,4.447,4.357,4.407
2017-05-26,4.303,4.465,4.375,4.425
2017-05-31,4.341,4.503,4.413,4.463
2017-06-01,4.355,4.517,4.427,4.477
2017-06-02,4.334,4.496,4.406,4.456
2017-06-03,4.344,4.506,4.416,4.466
2017-06-05,4.338,4.5,4.41,4.46
2017-06-06,4.346,4.508,4.418,4.468
2017-06-07,4.343,4.505,4.415,4.465
2017-06-08,4.343,4.505,4.415,4.465
2017-06-09,4.334,4.496,4.406,4.456
2017-06-12,4.342,4.504,4.414,4.464
2017-06-13,4.35,4.512,4.422,4.472
2017-06-14,4.349,4.511,4.421,4.471
2017-06-15,4.357,4.519,4.429,4.479
2017-06-16,4.351,4.513,4.423,4.473
2017-06-19,4.353,4.515,4.425,4.475
2017-06-20,4.35,4.512,4.422,4.472
2017-06-21,4.358,4.52,4.43,4.48
2017-06-22,4.358,4.52,4.43,4.48
2017-06-23,4.344,4.506,4.416,4.466
2017-06-26,4.332,4.494,4.404,4.454
2017-06-27,4.352,4.514,4.424,4.474
2017-06-28,4.375,4.537,4.447,4.497
2017-06-29,4.379,4.541,4.451,4.501
2017-06-30,4.389,4.551,4.461,4.511
2017-07-03,4.384,4.546,4.456,4.506
2017-07-04,4.388,4.55,4.46,4.51
2017-07-05,4.388,4.55,4.46,4.51
2017-07-06,4.396,4.558,4.468,4.518
2017-07-07,4.4,4.562,4.472,4.522
2017-07-10,4.398,4.56,4.47,4.52
2017-07-11,4.395,4.557,4.467,4.517
2017-07-12,4.391,4.553,4.463,4.513
2017-07-13,4.38,4.542,4.452,4.502
2017-07-14,4.384,4.546,4.456,4.506
2017-07-17,4.394,4.556,4.466,4.516
2017-07-18,4.398,4.56,4.47,4.52
2017-07-19,4.4,4.562,4.472,4.522
2017-07-20,4.402,4.564,4.474,4.524
2017-07-21,4.405,4.567,4.477,4.527
2017-07-24,4.398,4.56,4.47,4.52
2017-07-25,4.398,4.56,4.47,4.52
2017-07-26,4.4,4.562,4.472,4.522
2017-07-27,4.392,4.554,4.464,4.514
2017-07-28,4.392,4.554,4.464,4.514
2017-07-31,4.39,4.552,4.462,4.512
2017-08-01,4.399,4.561,4.471,4.521
2017-08-02,4.393,4.555,4.465,4.515
2017-08-03,4.39,4.552,4.462,4.512
2017-08-04,4.392,4.554,4.464,4.514
2017-08-07,4.396,4.558,4.468,4.518
2017-08-08,4.402,4.564,4.474,4.524
2017-08-09,4.418,4.58,4.49,4.54
2017-08-10,4.439,4.601,4.511,4.561
2017-08-11,4.443,4.605,4.515,4.565
2017-08-14,4.435,4.597,4.507,4.557
2017-08-15,4.43,4.592,4.502,4.552
2017-08-16,4.429,4.591,4.501,4.551
2017-08-17,4.44,4.602,4.512,4.562
2017-08-18,4.437,4.599,4.509,4.559
2017-08-21,4.442,4.604,4.514,4.564
2017-08-22,4.449,4.611,4.521,4.571
2017-08-23,4.447,4.609,4.519,4.569
2017-08-24,4.447,4.609,4.519,4.569
2017-08-25,4.441,4.603,4.513,4.563
2017-08-28,4.448,4.61,4.52,4.57
2017-08-29,4.476,4.638,4.548,4.598
2017-08-30,4.479,4.641,4.551,4.601
2017-08-31,4.474,4.636,4.546,4.596
2017-09-01,4.48,4.642,4.552,4.602
2017-09-04,4.507,4.669,4.579,4.629
2017-09-05,4.489,4.651,4.561,4.611
2017-09-06,4.506,4.668,4.578,4.628
2017-09-07,4.521,4.683,4.593,4.643
2017-09-08,4.54,4.702,4.612,4.662
2017-09-11,4.504,4.666,4.576,4.626
2017-09-12,4.493,4.655,4.565,4.615
2017-09-13,4.506,4.668,4.578,4.628
2017-09-14,4.496,4.658,4.568,4.618
2017-09-15,4.492,4.654,4.564,4.614
2017-09-18,4.492,4.654,4.564,4.614
2017-09-19,4.476,4.638,4.548,4.598
2017-09-20,4.485,4.647,4.557,4.607
2017-09-21,4.483,4.645,4.555,4.605
2017-09-22,4.487,4.649,4.559,4.609
2017-09-25,4.468,4.63,4.54,4.59
2017-09-26,4.464,4.626,4.536,4.586
2017-09-27,4.468,4.63,4.54,4.59
2017-09-28,4.456,4.618,4.528,4.578
2017-09-29,4.462,4.624,4.534,4.584
2017-09-30,4.454,4.616,4.526,4.576
2017-10-02,4.456,4.618,4.528,4.578
2017-10-03,4.467,4.629,4.539,4.589
2017-10-05,4.465,4.627,4.537,4.587
2017-10-06,4.466,4.628,4.538,4.588
2017-10-11,4.498,4.66,4.57,4.62
2017-10-12,4.492,4.654,4.564,4.614
2017-10-13,4.49,4.652,4.562,4.612
2017-10-16,4.487,4.649,4.559,4.609
2017-10-17,4.472,4.634,4.544,4.594
2017-10-18,4.464,4.626,4.536,4.586
2017-10-19,4.468,4.63,4.54,4.59
2017-10-20,4.471,4.633,4.543,4.593
2017-10-23,4.46,4.622,4.532,4.582
2017-10-24,4.463,4.625,4.535,4.585
2017-10-25,4.458,4.62,4.53,4.58
2017-10-26,4.457,4.619,4.529,4.579
2017-10-27,4.452,4.614,4.524,4.574
2017-10-30,4.444,4.606,4.516,4.566
2017-10-31,4.454,4.616,4.526,4.576
2017-11-01,4.465,4.627,4.537,4.587
2017-11-02,4.472,4.634,4.544,4.594
2017-11-03,4.457,4.619,4.529,4.579
2017-11-06,4.453,4.615,4.525,4.575
2017-11-07,4.451,4.613,4.523,4.573
2017-11-08,4.449,4.611,4.521,4.571
2017-11-09,4.448,4.61,4.52,4.57
2017-11-10,4.439,4.601,4.511,4.561
2017-11-13,4.44,4.602,4.512,4.562
2017-11-14,4.442,4.604,4.514,4.564
2017-11-15,4.445,4.607,4.517,4.567
2017-11-16,4.444,4.606,4.516,4.566
2017-11-17,4.435,4.597,4.507,4.557
2017-11-20,4.433,4.595,4.505,4.555
2017-11-21,4.425,4.587,4.497,4.547
2017-11-22,4.44,4.602,4.512,4.562
2017-11-23,4.456,4.618,4.528,4.578
2017-11-24,4.447,4.609,4.519,4.569
2017-11-27,4.448,4.61,4.52,4.57
2017-11-28,4.446,4.608,4.518,4.568
2017-11-29,4.446,4.608,4.518,4.568
2017-11-30,4.437,4.599,4.509,4.559
2017-12-01,4.444,4.606,4.516,4.566
2017-12-04,4.439,4.601,4.511,4.561
2017-12-05,4.435,4.597,4.507,4.557
2017-12-06,4.437,4.599,4.509,4.559
2017-12-07,4.438,4.6,4.51,4.56
2017-12-08,4.435,4.597,4.507,4.557
2017-12-11,4.436,4.598,4.508,4.558
2017-12-12,4.433,4.595,4.505,4.555
2017-12-13,4.435,4.597,4.507,4.557
2017-12-14,4.44,4.602,4.512,4.562
2017-12-15,4.44,4.602,4.512,4.562
2017-12-18,4.44,4.602,4.512,4.562
2017-12-19,4.439,4.601,4.511,4.561
2017-12-20,4.46,4.622,4.532,4.582
2017-12-21,4.462,4.624,4.534,4.584
2017-12-22,4.461,4.623,4.533,4.583
2017-12-25,4.481,4.643,4.553,4.603
2017-12-26,4.478,4.64,4.55,4.6
2017-12-27,4.47,4.632,4.542,4.592
2017-12-28,4.463,4.625,4.535,4.585
2017-12-29,4.468,4.63,4.54,4.59
2018-01-02,4.463,4.625,4.535,4.585
2018-01-03,4.453,4.615,4.525,4.575
2018-01-04,4.456,4.618,4.528,4.578
2018-01-05,4.454,4.616,4.526,4.576
2018-01-08,4.444,4.606,4.516,4.566
2018-01-09,4.431,4.593,4.503,4.553
2018-01-10,4.435,4.597,4.507,4.557
2018-01-11,4.446,4.608,4.518,4.568
2018-01-12,4.468,4.63,4.54,4.59
2018-01-15,4.487,4.649,4.559,4.609
2018-01-16,4.495,4.657,4.567,4.617
2018-01-17,4.492,4.654,4.564,4.614
2018-01-18,4.499,4.661,4.571,4.621
2018-01-19,4.497,4.659,4.569,4.619
2018-01-22,4.483,4.645,4.555,4.605
2018-01-23,4.474,4.636,4.546,4.596
2018-01-24,4.471,4.633,4.543,4.593
2018-01-25,4.484,4.646,4.556,4.606
2018-01-26,4.503,4.665,4.575,4.625
2018-01-29,4.508,4.67,4.58,4.63
2018-01-30,4.509,4.671,4.581,4.631
2018-01-31,4.524,4.686,4.596,4.646
2018-02-01,4.532,4.694,4.604,4.654
2018-02-02,4.555,4.717,4.627,4.677
2018-02-05,4.547,4.709,4.619,4.669
2018-02-06,4.563,4.725,4.635,4.685
2018-02-07,4.565,4.727,4.637,4.687
2018-02-08,4.533,4.695,4.605,4.655
2018-02-09,4.556,4.718,4.628,4.678
2018-02-12,4.543,4.705,4.615,4.665
2018-02-13,4.528,4.69,4.6,4.65
2018-02-14,4.531,4.693,4.603,4.653
2018-02-21,4.507,4.669,4.579,4.629
2018-02-22,4.514,4.676,4.586,4.636
2018-02-23,4.526,4.688,4.598,4.648
2018-02-26,4.537,4.699,4.609,4.659
2018-02-27,4.533,4.695,4.605,4.655
2018-03-01,4.52,4.682,4.592,4.642
2018-03-02,4.513,4.675,4.585,4.635
2018-03-05,4.521,4.683,4.593,4.643
2018-03-06,4.518,4.68,4.59,4.64
2018-03-07,4.53,4.692,4.602,4.652
2018-03-08,4.527,4.689,4.599,4.649
2018-03-09,4.525,4.687,4.597,4.647
2018-03-12,4.534,4.696,4.606,4.656
2018-03-13,4.523,4.685,4.595,4.645
2018-03-14,4.537,4.699,4.609,4.659
2018-03-15,4.523,4.685,4.595,4.645
2018-03-16,4.515,4.677,4.587,4.637
2018-03-19,4.514,4.676,4.586,4.636
2018-03-20,4.511,4.673,4.583,4.633
2018-03-21,4.514,4.676,4.586,4.636
2018-03-22,4.516,4.678,4.588,4.638
2018-03-23,4.513,4.675,4.585,4.635
2018-03-26,4.538,4.7,4.61,4.66
2018-03-27,4.565,4.727,4.637,4.687
2018-03-28,4.55,4.712,4.622,4.672
2018-03-29,4.543,4.705,4.615,4.665
2018-03-30,4.547,4.709,4.619,4.669
2018-03-31,4.55,4.712,4.622,4.672
2018-04-02,4.551,4.713,4.623,4.673
2018-04-03,4.545,4.707,4.617,4.667
2018-04-09,4.531,4.693,4.603,4.653
2018-04-10,4.538,4.7,4.61,4.66
2018-04-11,4.551,4.713,4.623,4.673
2018-04-12,4.561,4.723,4.633,4.683
2018-04-13,4.565,4.727,4.637,4.687
2018-04-16,4.588,4.75,4.66,4.71
2018-04-17,4.584,4.746,4.656,4.706
2018-04-18,4.577,4.739,4.649,4.699
2018-04-19,4.584,4.746,4.656,4.706
2018-04-20,4.584,4.746,4.656,4.706
2018-04-23,4.59,4.752,4.662,4.712
2018-04-24,4.593,4.755,4.665,4.715
2018-04-25,4.592,4.754,4.664,4.714
2018-04-26,4.596,4.758,4.668,4.718
2018-04-27,4.578,4.74,4.65,4.7
2018-04-30,4.589,4.751,4.661,4.711
2018-05-02,4.579,4.741,4.651,4.701
2018-05-03,4.579,4.741,4.651,4.701
2018-05-04,4.577,4.739,4.649,4.699
2018-05-07,4.578,4.74,4.65,4.7
2018-05-08,4.581,4.743,4.653,4.703
2018-05-09,4.594,4.756,4.666,4.716
2018-05-10,4.597,4.759,4.669,4.719
2018-05-11,4.602,4.764,4.674,4.724
2018-05-14,4.599,4.761,4.671,4.721
2018-05-15,4.604,4.766,4.676,4.726
2018-05-16,4.599,4.761,4.671,4.721
2018-05-17,4.608,4.77,4.68,4.73
2018-05-18,4.604,4.766,4.676,4.726
2018-05-21,4.599,4.761,4.671,4.721
2018-05-22,4.611,4.773,4.683,4.733
2018-05-23,4.6,4.762,4.672,4.722
2018-05-24,4.591,4.753,4.663,4.713
2018-05-25,4.593,4.755,4.665,4.715
2018-05-28,4.589,4.751,4.661,4.711
2018-05-29,4.575,4.737,4.647,4.697
2018-05-30,4.583,4.745,4.655,4.705
2018-05-31,4.582,4.744,4.654,4.704
2018-06-01,4.557,4.719,4.629,4.679
2018-06-04,4.554,4.716,4.626,4.676
2018-06-05,4.562,4.724,4.634,4.684
2018-06-06,4.557,4.719,4.629,4.679
2018-06-07,4.557,4.719,4.629,4.679
2018-06-08,4.556,4.718,4.628,4.678
2018-06-11,4.561,4.723,4.633,4.683
2018-06-12,4.568,4.73,4.64,4.69
2018-06-13,4.571,4.733,4.643,4.693
2018-06-14,4.59,4.752,4.662,4.712
2018-06-15,4.575,4.737,4.647,4.697
2018-06-19,4.566,4.728,4.638,4.688
2018-06-20,4.56,4.722,4.632,4.682
2018-06-21,4.556,4.718,4.628,4.678
2018-06-22,4.561,4.723,4.633,4.683
2018-06-25,4.547,4.709,4.619,4.669
2018-06-26,4.538,4.7,4.61,4.66
2018-06-27,4.517,4.679,4.589,4.639
2018-06-28,4.517,4.679,4.589,4.639
2018-06-29,4.496,4.658,4.568,4.618
2018-07-02,4.48,4.642,4.552,4.602
2018-07-03,4.486,4.648,4.558,4.608
2018-07-04,4.502,4.664,4.574,4.624
2018-07-05,4.491,4.653,4.563,4.613
2018-07-06,4.479,4.641,4.551,4.601
2018-07-09,4.486,4.648,4.558,4.608
2018-07-10,4.489,4.651,4.561,4.611
2018-07-11,4.469,4.631,4.541,4.591
2018-07-12,4.472,4.634,4.544,4.594
2018-07-13,4.458,4.62,4.53,4.58
2018-07-16,4.461,4.623,4.533,4.583
2018-07-17,4.458,4.62,4.53,4.58
2018-07-18,4.436,4.598,4.508,4.558
2018-07-19,4.411,4.573,4.483,4.533
2018-07-20,4.419,4.581,4.491,4.541
2018-07-23,4.416,4.578,4.488,4.538
2018-07-24,4.399,4.561,4.471,4.521
2018-07-25,4.412,4.574,4.484,4.534
2018-07-26,4.405,4.567,4.477,4.527
2018-07-27,4.39,4.552,4.462,4.512
2018-07-30,4.383,4.545,4.455,4.505
2018-07-31,4.376,4.538,4.448,4.498
2018-08-01,4.385,4.547,4.457,4.507
2018-08-02,4.388,4.55,4.46,4.51
2018-08-03,4.344,4.506,4.416,4.466
2018-08-06,4.372,4.534,4.444,4.494
2018-08-07,4.369,4.531,4.441,4.491
2018-08-08,4.388,4.55,4.46,4.51
2018-08-09,4.386,4.548,4.458,4.508
2018-08-10,4.375,4.537,4.447,4.497
2018-08-13,4.374,4.536,4.446,4.496
2018-08-14,4.375,4.537,4.447,4.497
2018-08-15,4.363,4.525,4.435,4.485
2018-08-16,4.369,4.531,4.441,4.491
2018-08-17,4.381,4.543,4.453,4.503
2018-08-20,4.398,4.56,4.47,4.52
2018-08-21,4.398,4.56,4.47,4.52
2018-08-22,4.39,4.552,4.462,4.512
2018-08-23,4.383,4.545,4.455,4.505
2018-08-24,4.378,4.54,4.45,4.5
2018-08-27,4.423,4.585,4.495,4.545
2018-08-28,4.419,4.581,4.491,4.541
2018-08-29,4.4,4.562,4.472,4.522
2018-08-30,4.389,4.551,4.461,4.511
2018-08-31,4.388,4.55,4.46,4.51
2018-09-03,4.396,4.558,4.468,4.518
2018-09-04,4.394,4.556,4.466,4.516
2018-09-05,4.39,4.552,4.462,4.512
2018-09-06,4.4,4.562,4.472,4.522
2018-09-07,4.396,4.558,4.468,4.518
2018-09-10,4.389,4.551,4.461,4.511
2018-09-11,4.386,4.548,4.458,4.508
2018-09-12,4.381,4.543,4.453,4.503
2018-09-13,4.399,4.561,4.471,4.521
2018-09-14,4.396,4.558,4.468,4.518
2018-09-17,4.383,4.545,4.455,4.505
2018-09-18,4.386,4.548,4.458,4.508
2018-09-19,4.396,4.558,4.468,4.518
2018-09-20,4.395,4.557,4.467,4.517
2018-09-21,4.393,4.555,4.465,4.515
2018-09-25,4.369,4.531,4.441,4.491
2018-09-26,4.367,4.529,4.439,4.489
2018-09-27,4.35,4.512,4.422,4.472
2018-09-28,4.339,4.501,4.411,4.461
2018-10-01,4.338,4.5,4.41,4.46
2018-10-02,4.356,4.518,4.428,4.478
2018-10-03,4.355,4.517,4.427,4.477
2018-10-04,4.367,4.529,4.439,4.489
2018-10-05,4.368,4.53,4.44,4.49
2018-10-08,4.375,4.537,4.447,4.497
2018-10-09,4.373,4.535,4.445,4.495
2018-10-11,4.388,4.55,4.46,4.51
2018-10-12,4.37,4.532,4.442,4.492
2018-10-15,4.367,4.529,4.439,4.489
2018-10-16,4.372,4.534,4.444,4.494
2018-10-17,4.357,4.519,4.429,4.479
2018-10-18,4.365,4.527,4.437,4.487
2018-10-19,4.363,4.525,4.435,4.485
2018-10-22,4.358,4.52,4.43,4.48
2018-10-23,4.36,4.522,4.432,4.482
2018-10-24,4.357,4.519,4.429,4.479
2018-10-25,4.356,4.518,4.428,4.478
2018-10-26,4.357,4.519,4.429,4.479
2018-10-29,4.356,4.518,4.428,4.478
2018-10-30,4.346,4.508,4.418,4.468
2018-10-31,4.338,4.5,4.41,4.46
2018-11-01,4.349,4.511,4.421,4.471
2018-11-02,4.362,4.524,4.434,4.484
2018-11-05,4.345,4.507,4.417,4.467
2018-11-06,4.349,4.511,4.421,4.471
2018-11-07,4.342,4.504,4.414,4.464
2018-11-08,4.335,4.497,4.407,4.457
2018-11-09,4.338,4.5,4.41,4.46
2018-11-12,4.336,4.498,4.408,4.458
2018-11-13,4.349,4.511,4.421,4.471
2018-11-14,4.351,4.513,4.423,4.473
2018-11-15,4.352,4.514,4.424,4.474
2018-11-16,4.352,4.514,4.424,4.474
2018-11-19,4.357,4.519,4.429,4.479
2018-11-20,4.356,4.518,4.428,4.478
2018-11-21,4.354,4.516,4.426,4.476
2018-11-22,4.361,4.523,4.433,4.483
2018-11-23,4.356,4.518,4.428,4.478
2018-11-26,4.356,4.518,4.428,4.478
2018-11-27,4.349,4.511,4.421,4.471
2018-11-28,4.346,4.508,4.418,4.468
2018-11-29,4.346,4.508,4.418,4.468
2018-11-30,4.342,4.504,4.414,4.464
2018-12-03,4.365,4.527,4.437,4.487
2018-12-04,4.388,4.55,4.46,4.51
2018-12-05,4.388,4.55,4.46,4.51
2018-12-06,4.382,4.544,4.454,4.504
2018-12-07,4.381,4.543,4.453,4.503
2018-12-10,4.369,4.531,4.441,4.491
2018-12-11,4.378,4.54,4.45,4.5
2018-12-12,4.384,4.546,4.456,4.506
2018-12-13,4.397,4.559,4.469,4.519
2018-12-14,4.376,4.538,4.448,4.498
2018-12-17,4.377,4.539,4.449,4.499
2018-12-18,4.377,4.539,4.449,4.499
2018-12-19,4.37,4.532,4.442,4.492
2018-12-20,4.367,4.529,4.439,4.489
2018-12-21,4.362,4.524,4.434,4.484
2018-12-22,4.354,4.516,4.426,4.476
2018-12-24,4.367,4.529,4.439,4.489
2018-12-25,4.369,4.531,4.441,4.491
2018-12-26,4.374,4.536,4.446,4.496
2018-12-27,4.367,4.529,4.439,4.489
2018-12-28,4.375,4.537,4.447,4.497
2019-01-02,4.386,4.548,4.458,4.508
2019-01-03,4.386,4.548,4.458,4.508
2019-01-04,4.39,4.552,4.462,4.512
2019-01-07,4.4,4.562,4.472,4.522
2019-01-08,4.394,4.556,4.466,4.516
2019-01-09,4.408,4.57,4.48,4.53
2019-01-10,4.432,4.594,4.504,4.554
2019-01-11,4.468,4.63,4.54,4.59
2019-01-14,4.459,4.621,4.531,4.581
2019-01-15,4.463,4.625,4.535,4.585
2019-01-16,4.459,4.621,4.531,4.581
2019-01-17,4.455,4.617,4.527,4.577
2019-01-18,4.451,4.613,4.523,4.573
2019-01-19,4.435,4.597,4.507,4.557
2019-01-21,4.44,4.602,4.512,4.562
2019-01-22,4.435,4.597,4.507,4.557
2019-01-23,4.447,4.609,4.519,4.569
2019-01-24,4.44,4.602,4.512,4.562
2019-01-25,4.451,4.613,4.523,4.573
2019-01-28,4.464,4.626,4.536,4.586
2019-01-29,4.465,4.627,4.537,4.587
2019-01-30,4.472,4.634,4.544,4.594
2019-01-31,4.479,4.641,4.551,4.601
2019-02-01,4.46,4.622,4.532,4.582
2019-02-11,4.44,4.602,4.512,4.562
2019-02-12,4.445,4.607,4.517,4.567
2019-02-13,4.457,4.619,4.529,4.579
2019-02-14,4.454,4.616,4.526,4.576
2019-02-15,4.446,4.608,4.518,4.568
2019-02-18,4.455,4.617,4.527,4.577
2019-02-19,4.451,4.613,4.523,4.573
2019-02-20,4.485,4.647,4.557,4.607
2019-02-21,4.495,4.657,4.567,4.617
2019-02-22,4.488,4.65,4.56,4.61
2019-02-23,4.501,4.663,4.573,4.623
2019-02-25,4.502,4.664,4.574,4.624
2019-02-26,4.498,4.66,4.57,4.62
2019-02-27,4.506,4.668,4.578,4.628
2019-03-04,4.506,4.668,4.578,4.628
2019-03-05,4.501,4.663,4.573,4.623
2019-03-06,4.494,4.656,4.566,4.616
2019-03-07,4.497,4.659,4.569,4.619
2019-03-08,4.49,4.652,4.562,4.612
2019-03-11,4.492,4.654,4.564,4.614
2019-03-12,4.501,4.663,4.573,4.623
2019-03-13,4.501,4.663,4.573,4.623
2019-03-14,4.498,4.66,4.57,4.62
2019-03-15,4.499,4.661,4.571,4.621
2019-03-18,4.493,4.655,4.565,4.615
2019-03-19,4.491,4.653,4.563,4.613
2019-03-20,4.501,4.663,4.573,4.623
2019-03-21,4.51,4.672,4.582,4.632
2019-03-22,4.496,4.658,4.568,4.618
2019-03-25,4.489,4.651,4.561,4.611
2019-03-26,4.491,4.653,4.563,4.613
2019-03-27,4.486,4.648,4.558,4.608
2019-03-28,4.481,4.643,4.553,4.603
2019-03-29,4.483,4.645,4.555,4.605
2019-04-01,4.487,4.649,4.559,4.609
2019-04-02,4.487,4.649,4.559,4.609
2019-04-03,4.494,4.656,4.566,4.616
2019-04-08,4.489,4.651,4.561,4.611
2019-04-09,4.492,4.654,4.564,4.614
2019-04-10,4.489,4.651,4.561,4.611
2019-04-11,4.492,4.654,4.564,4.614
2019-04-12,4.493,4.655,4.565,4.615
2019-04-15,4.504,4.666,4.576,4.626
2019-04-16,4.505,4.667,4.577,4.627
2019-04-17,4.515,4.677,4.587,4.637
2019-04-18,4.506,4.668,4.578,4.628
2019-04-19,4.5,4.662,4.572,4.622
2019-04-22,4.497,4.659,4.569,4.619
2019-04-23,4.492,4.654,4.564,4.614
2019-04-24,4.493,4.655,4.565,4.615
2019-04-25,4.483,4.645,4.555,4.605
2019-04-26,4.484,4.646,4.556,4.606
2019-04-29,4.487,4.649,4.559,4.609
2019-04-30,4.482,4.644,4.554,4.604
2019-05-02,4.487,4.649,4.559,4.609
2019-05-03,4.484,4.646,4.556,4.606
2019-05-06,4.461,4.623,4.533,4.583
2019-05-07,4.461,4.623,4.533,4.583
2019-05-08,4.457,4.619,4.529,4.579
2019-05-09,4.425,4.587,4.497,4.547
2019-05-10,4.433,4.595,4.505,4.555
2019-05-13,4.403,4.565,4.475,4.525
2019-05-14,4.406,4.568,4.478,4.528
2019-05-15,4.409,4.571,4.481,4.531
2019-05-16,4.409,4.571,4.481,4.531
2019-05-17,4.411,4.573,4.483,4.533
2019-05-20,4.425,4.587,4.497,4.547
2019-05-21,4.437,4.599,4.509,4.559
2019-05-22,4.448,4.61,4.52,4.57
2019-05-23,4.448,4.61,4.52,4.57
2019-05-24,4.457,4.619,4.529,4.579
2019-05-27,4.453,4.615,4.525,4.575
2019-05-28,4.445,4.607,4.517,4.567
2019-05-29,4.456,4.618,4.528,4.578
2019-05-30,4.465,4.627,4.537,4.587
2019-05-31,4.463,4.625,4.535,4.585
2019-06-03,4.449,4.611,4.521,4.571
2019-06-04,4.441,4.603,4.513,4.563
2019-06-05,4.434,4.596,4.506,4.556
2019-06-06,4.43,4.592,4.502,4.552
2019-06-10,4.423,4.585,4.495,4.545
2019-06-11,4.437,4.599,4.509,4.559
2019-06-12,4.439,4.601,4.511,4.561
2019-06-13,4.446,4.608,4.518,4.568
2019-06-14,4.447,4.609,4.519,4.569
2019-06-17,4.447,4.609,4.519,4.569
2019-06-18,4.445,4.607,4.517,4.567
2019-06-19,4.441,4.603,4.513,4.563
2019-06-20,4.449,4.611,4.521,4.571
2019-06-21,4.424,4.586,4.496,4.546
2019-06-24,4.421,4.583,4.493,4.543
2019-06-25,4.419,4.581,4.491,4.541
2019-06-26,4.423,4.585,4.495,4.545
2019-06-27,4.423,4.585,4.495,4.545
2019-06-28,4.424,4.586,4.496,4.546
2019-07-01,4.429,4.591,4.501,4.551
2019-07-02,4.415,4.577,4.487,4.537
2019-07-03,4.416,4.578,4.488,4.538
2019-07-04,4.422,4.584,4.494,4.544
2019-07-05,4.42,4.582,4.492,4.542
2019-07-08,4.427,4.589,4.499,4.549
2019-07-09,4.427,4.589,4.499,4.549
2019-07-10,4.421,4.583,4.493,4.543
2019-07-11,4.417,4.579,4.489,4.539
2019-07-12,4.419,4.581,4.491,4.541
2019-07-15,4.418,4.58,4.49,4.54
2019-07-16,4.414,4.576,4.486,4.536
2019-07-17,4.418,4.58,4.49,4.54
2019-07-18,4.418,4.58,4.49,4.54
2019-07-19,4.417,4.579,4.489,4.539
2019-07-22,4.42,4.582,4.492,4.542
2019-07-23,4.419,4.581,4.491,4.541
2019-07-24,4.418,4.58,4.49,4.54
2019-07-25,4.422,4.584,4.494,4.544
2019-07-26,4.421,4.583,4.493,4.543
2019-07-29,4.411,4.573,4.483,4.533
2019-07-30,4.413,4.575,4.485,4.535
2019-07-31,4.414,4.576,4.486,4.536
2019-08-01,4.413,4.575,4.485,4.535
2019-08-02,4.408,4.57,4.48,4.53
2019-08-05,4.372,4.534,4.444,4.494
2019-08-06,4.357,4.519,4.429,4.479
2019-08-07,4.352,4.514,4.424,4.474
2019-08-08,4.339,4.501,4.411,4.461
2019-08-09,4.332,4.494,4.404,4.454
2019-08-12,4.325,4.487,4.397,4.447
2019-08-13,4.338,4.5,4.41,4.46
2019-08-14,4.367,4.529,4.439,4.489
2019-08-15,4.357,4.519,4.429,4.479
2019-08-16,4.347,4.509,4.419,4.469
2019-08-19,4.344,4.506,4.416,4.466
2019-08-20,4.341,4.503,4.413,4.463
2019-08-21,4.342,4.504,4.414,4.464
2019-08-22,4.331,4.493,4.403,4.453
2019-08-23,4.326,4.488,4.398,4.448
2019-08-26,4.289,4.451,4.361,4.411
2019-08-27,4.28,4.442,4.352,4.402
2019-08-28,4.283,4.445,4.355,4.405
2019-08-29,4.292,4.454,4.364,4.414
2019-08-30,4.298,4.46,4.37,4.42
2019-09-02,4.276,4.438,4.348,4.398
2019-09-03,4.277,4.439,4.349,4.399
2019-09-04,4.283,4.445,4.355,4.405
2019-09-05,4.28,4.442,4.352,4.402
2019-09-06,4.292,4.454,4.364,4.414
2019-09-09,4.286,4.448,4.358,4.408
2019-09-10,4.298,4.46,4.37,4.42
2019-09-11,4.291,4.453,4.363,4.413
2019-09-12,4.289,4.451,4.361,4.411
2019-09-16,4.289,4.451,4.361,4.411
2019-09-17,4.278,4.44,4.35,4.4
2019-09-18,4.273,4.435,4.345,4.395
2019-09-19,4.272,4.434,4.344,4.394
2019-09-20,4.274,4.436,4.346,4.396
2019-09-23,4.259,4.421,4.331,4.381
2019-09-24,4.266,4.428,4.338,4.388
2019-09-25,4.256,4.418,4.328,4.378
2019-09-26,4.255,4.417,4.327,4.377
2019-09-27,4.259,4.421,4.331,4.381
2019-09-30,4.253,4.415,4.325,4.375
2019-10-01,4.242,4.404,4.314,4.364
2019-10-02,4.244,4.406,4.316,4.366
2019-10-03,4.252,4.414,4.324,4.374
2019-10-04,4.248,4.41,4.32,4.37
2019-10-05,4.253,4.415,4.325,4.375
2019-10-07,4.234,4.396,4.306,4.356
2019-10-08,4.226,4.388,4.298,4.348
2019-10-09,4.218,4.38,4.29,4.34
2019-10-14,4.231,4.393,4.303,4.353
2019-10-15,4.233,4.395,4.305,4.355
2019-10-16,4.223,4.385,4.295,4.345
2019-10-17,4.227,4.389,4.299,4.349
2019-10-18,4.225,4.387,4.297,4.347
2019-10-21,4.228,4.39,4.3,4.35
2019-10-22,4.223,4.385,4.295,4.345
2019-10-23,4.226,4.388,4.298,4.348
2019-10-24,4.23,4.392,4.302,4.352
2019-10-25,4.227,4.389,4.299,4.349
2019-10-28,4.234,4.396,4.306,4.356
2019-10-29,4.225,4.387,4.297,4.347
2019-10-30,4.225,4.387,4.297,4.347
2019-10-31,4.229,4.391,4.301,4.351
2019-11-01,4.231,4.393,4.303,4.353
2019-11-04,4.227,4.389,4.299,4.349
2019-11-05,4.237,4.399,4.309,4.359
2019-11-06,4.244,4.406,4.316,4.366
2019-11-07,4.246,4.408,4.318,4.368
2019-11-08,4.255,4.417,4.327,4.377
2019-11-11,4.24,4.402,4.312,4.362
2019-11-12,4.247,4.409,4.319,4.369
2019-11-13,4.25,4.412,4.322,4.372
2019-11-14,4.257,4.419,4.329,4.379
2019-11-15,4.255,4.417,4.327,4.377
2019-11-18,4.249,4.411,4.321,4.371
2019-11-19,4.244,4.406,4.316,4.366
2019-11-20,4.236,4.398,4.308,4.358
2019-11-21,4.237,4.399,4.309,4.359
2019-11-22,4.238,4.4,4.31,4.36
2019-11-25,4.241,4.403,4.313,4.363
2019-11-26,4.24,4.402,4.312,4.362
2019-11-27,4.245,4.407,4.317,4.367
2019-11-28,4.24,4.402,4.312,4.362
2019-11-29,4.241,4.403,4.313,4.363
2019-12-02,4.233,4.395,4.305,4.355
2019-12-03,4.231,4.393,4.303,4.353
2019-12-04,4.212,4.374,4.284,4.334
2019-12-05,4.228,4.39,4.3,4.35
2019-12-06,4.239,4.401,4.311,4.361
2019-12-09,4.235,4.397,4.307,4.357
2019-12-10,4.233,4.395,4.305,4.355
2019-12-11,4.232,4.394,4.304,4.354
2019-12-12,4.219,4.381,4.291,4.341
2019-12-13,4.246,4.408,4.318,4.368
2019-12-16,4.219,4.381,4.291,4.341
2019-12-17,4.211,4.373,4.283,4.333
2019-12-18,4.212,4.374,4.284,4.334
2019-12-19,4.208,4.37,4.28,4.33
2019-12-20,4.205,4.367,4.277,4.327
2019-12-23,4.21,4.372,4.282,4.332
2019-12-24,4.206,4.368,4.278,4.328
2019-12-25,4.205,4.367,4.277,4.327
2019-12-26,4.206,4.368,4.278,4.328
2019-12-27,4.202,4.364,4.274,4.324
2019-12-30,4.202,4.364,4.274,4.324
2019-12-31,4.208,4.37,4.28,4.33
2020-01-02,4.223,4.385,4.295,4.345
2020-01-03,4.211,4.373,4.283,4.333
2020-01-06,4.216,4.378,4.288,4.338
2020-01-07,4.231,4.393,4.303,4.353
2020-01-08,4.234,4.396,4.306,4.356
2020-01-09,4.23,4.392,4.302,4.352
2020-01-10,4.234,4.396,4.306,4.356
2020-01-13,4.243,4.405,4.315,4.365
2020-01-14,4.245,4.407,4.317,4.367
2020-01-15,4.243,4.405,4.315,4.365
2020-01-16,4.247,4.409,4.319,4.369
2020-01-17,4.263,4.425,4.335,4.385
2020-01-20,4.268,4.43,4.34,4.39
2020-01-21,4.243,4.405,4.315,4.365
2020-01-22,4.245,4.407,4.317,4.367
2020-01-30,4.228,4.39,4.3,4.35
2020-01-31,4.227,4.389,4.299,4.349
2020-02-03,4.214,4.376,4.286,4.336
2020-02-04,4.212,4.374,4.284,4.334
2020-02-05,4.199,4.361,4.271,4.321
2020-02-06,4.211,4.373,4.283,4.333
2020-02-07,4.211,4.373,4.283,4.333
2020-02-10,4.204,4.366,4.276,4.326
2020-02-11,4.206,4.368,4.278,4.328
2020-02-12,4.204,4.366,4.276,4.326
2020-02-13,4.195,4.357,4.267,4.317
2020-02-14,4.198,4.36,4.27,4.32
2020-02-15,4.189,4.351,4.261,4.311
2020-02-17,4.2,4.362,4.272,4.322
2020-02-18,4.199,4.361,4.271,4.321
2020-02-19,4.205,4.367,4.277,4.327
2020-02-20,4.21,4.372,4.282,4.332
2020-02-21,4.214,4.376,4.286,4.336
2020-02-24,4.225,4.387,4.297,4.347
2020-02-25,4.223,4.385,4.295,4.345
2020-02-26,4.22,4.382,4.292,4.342
2020-02-27,4.211,4.373,4.283,4.333
2020-03-02,4.224,4.386,4.296,4.346
2020-03-03,4.204,4.366,4.276,4.326
2020-03-04,4.229,4.391,4.301,4.351
2020-03-05,4.215,4.377,4.287,4.337
2020-03-06,4.217,4.379,4.289,4.339
2020-03-09,4.235,4.397,4.307,4.357
2020-03-10,4.22,4.382,4.292,4.342
2020-03-11,4.223,4.385,4.295,4.345
2020-03-12,4.206,4.368,4.278,4.328
2020-03-13,4.209,4.371,4.281,4.331
2020-03-16,4.202,4.364,4.274,4.324
2020-03-17,4.206,4.368,4.278,4.328
2020-03-18,4.196,4.358,4.268,4.318
2020-03-19,4.179,4.341,4.251,4.301
2020-03-20,4.172,4.334,4.244,4.294
2020-03-23,4.157,4.319,4.229,4.279
2020-03-24,4.172,4.334,4.244,4.294
2020-03-25,4.162,4.324,4.234,4.284
2020-03-26,4.154,4.316,4.226,4.276
2020-03-27,4.153,4.315,4.225,4.275
2020-03-30,4.155,4.317,4.227,4.277
2020-03-31,4.158,4.32,4.23,4.28
2020-04-01,4.154,4.316,4.226,4.276
2020-04-06,4.151,4.313,4.223,4.273
2020-04-07,4.16,4.322,4.232,4.282
2020-04-08,4.159,4.321,4.231,4.281
2020-04-09,4.158,4.32,4.23,4.28
2020-04-10,4.171,4.333,4.243,4.293
2020-04-13,4.167,4.329,4.239,4.289
2020-04-14,4.16,4.322,4.232,4.282
2020-04-15,4.152,4.314,4.224,4.274
2020-04-16,4.148,4.31,4.22,4.27
2020-04-17,4.148,4.31,4.22,4.27
2020-04-20,4.145,4.307,4.217,4.267
2020-04-21,4.135,4.297,4.207,4.257
2020-04-22,4.14,4.302,4.212,4.262
2020-04-23,4.144,4.306,4.216,4.266
2020-04-24,4.139,4.301,4.211,4.261
2020-04-27,4.138,4.3,4.21,4.26
2020-04-28,4.13,4.292,4.202,4.252
2020-04-29,4.127,4.289,4.199,4.249
2020-04-30,4.117,4.279,4.189,4.239
2020-05-04,4.086,4.248,4.158,4.208
2020-05-05,4.092,4.254,4.164,4.214
2020-05-06,4.108,4.27,4.18,4.23
2020-05-07,4.111,4.273,4.183,4.233
2020-05-08,4.112,4.274,4.184,4.234
2020-05-11,4.11,4.272,4.182,4.232
2020-05-12,4.11,4.272,4.182,4.232
2020-05-13,4.105,4.267,4.177,4.227
2020-05-14,4.107,4.269,4.179,4.229
2020-05-15,4.105,4.267,4.177,4.227
2020-05-18,4.102,4.264,4.174,4.224
2020-05-19,4.103,4.265,4.175,4.225
2020-05-20,4.106,4.268,4.178,4.228
2020-05-21,4.111,4.273,4.183,4.233
2020-05-22,4.094,4.256,4.166,4.216
2020-05-25,4.101,4.263,4.173,4.223
2020-05-26,4.095,4.257,4.167,4.217
2020-05-27,4.086,4.248,4.158,4.208
2020-05-28,4.087,4.249,4.159,4.209
2020-05-29,4.092,4.254,4.164,4.214
2020-06-01,4.1,4.262,4.172,4.222
2020-06-02,4.106,4.268,4.178,4.228
2020-06-03,4.103,4.265,4.175,4.225
2020-06-04,4.095,4.257,4.167,4.217
2020-06-05,4.107,4.269,4.179,4.229
2020-06-08,4.113,4.275,4.185,4.235
2020-06-09,4.105,4.267,4.177,4.227
2020-06-10,4.096,4.258,4.168,4.218
2020-06-11,4.098,4.26,4.17,4.22
2020-06-12,4.096,4.258,4.168,4.218
2020-06-15,4.087,4.249,4.159,4.209
2020-06-16,4.09,4.252,4.162,4.212
2020-06-17,4.09,4.252,4.162,4.212
2020-06-18,4.093,4.255,4.165,4.215
2020-06-19,4.091,4.253,4.163,4.213
2020-06-20,4.09,4.252,4.162,4.212
2020-06-22,4.093,4.255,4.165,4.215
2020-06-23,4.096,4.258,4.168,4.218
2020-06-24,4.094,4.256,4.166,4.216
2020-06-29,4.083,4.245,4.155,4.205
2020-06-30,4.094,4.256,4.166,4.216
2020-07-01,4.091,4.253,4.163,4.213
2020-07-02,4.086,4.248,4.158,4.208
2020-07-03,4.086,4.248,4.158,4.208
2020-07-06,4.101,4.263,4.173,4.223
2020-07-07,4.111,4.273,4.183,4.233
2020-07-08,4.115,4.277,4.187,4.237
2020-07-09,4.129,4.291,4.201,4.251
2020-07-10,4.122,4.284,4.194,4.244
2020-07-13,4.123,4.285,4.195,4.245
2020-07-14,4.112,4.274,4.184,4.234
2020-07-15,4.127,4.289,4.199,4.249
2020-07-16,4.126,4.288,4.198,4.248
2020-07-17,4.127,4.289,4.199,4.249
2020-07-20,4.13,4.292,4.202,4.252
2020-07-21,4.126,4.288,4.198,4.248
2020-07-22,4.113,4.275,4.185,4.235
2020-07-23,4.119,4.281,4.191,4.241
2020-07-24,4.104,4.266,4.176,4.226
2020-07-27,4.112,4.274,4.184,4.234
2020-07-28,4.109,4.271,4.181,4.231
2020-07-29,4.113,4.275,4.185,4.235
2020-07-30,4.113,4.275,4.185,4.235
2020-07-31,4.121,4.283,4.193,4.243
2020-08-03,4.129,4.291,4.201,4.251
2020-08-04,4.126,4.288,4.198,4.248
2020-08-05,4.145,4.307,4.217,4.267
2020-08-06,4.146,4.308,4.218,4.268
2020-08-07,4.138,4.3,4.21,4.26
2020-08-10,4.135,4.297,4.207,4.257
2020-08-11,4.148,4.31,4.22,4.27
2020-08-12,4.153,4.315,4.225,4.275
2020-08-13,4.155,4.317,4.227,4.277
2020-08-14,4.153,4.315,4.225,4.275
2020-08-17,4.155,4.317,4.227,4.277
2020-08-18,4.161,4.323,4.233,4.283
2020-08-19,4.168,4.33,4.24,4.29
2020-08-20,4.168,4.33,4.24,4.29
2020-08-21,4.172,4.334,4.244,4.294
2020-08-24,4.171,4.333,4.243,4.293
2020-08-25,4.171,4.333,4.243,4.293
2020-08-26,4.181,4.343,4.253,4.303
2020-08-27,4.191,4.353,4.263,4.313
2020-08-28,4.198,4.36,4.27,4.32
2020-08-31,4.203,4.365,4.275,4.325
2020-09-01,4.225,4.387,4.297,4.347
2020-09-02,4.222,4.384,4.294,4.344
2020-09-03,4.218,4.38,4.29,4.34
2020-09-04,4.213,4.375,4.285,4.335
2020-09-07,4.217,4.379,4.289,4.339
2020-09-08,4.218,4.38,4.29,4.34
2020-09-09,4.209,4.371,4.281,4.331
2020-09-10,4.211,4.373,4.283,4.333
2020-09-11,4.214,4.376,4.286,4.336
2020-09-14,4.215,4.377,4.287,4.337
2020-09-15,4.23,4.392,4.302,4.352
2020-09-16,4.233,4.395,4.305,4.355
2020-09-17,4.228,4.39,4.3,4.35
2020-09-18,4.211,4.373,4.283,4.333
2020-09-21,4.205,4.367,4.277,4.327
2020-09-22,4.193,4.355,4.265,4.315
2020-09-23,4.196,4.358,4.268,4.318
2020-09-24,4.19,4.352,4.262,4.312
2020-09-25,4.189,4.351,4.261,4.311
2020-09-26,4.189,4.351,4.261,4.311
2020-09-28,4.173,4.335,4.245,4.295
2020-09-29,4.169,4.331,4.241,4.291
2020-09-30,4.172,4.334,4.244,4.294
2020-10-05,4.196,4.358,4.268,4.318
2020-10-06,4.199,4.361,4.271,4.321
2020-10-07,4.199,4.361,4.271,4.321
2020-10-08,4.199,4.361,4.271,4.321
2020-10-12,4.204,4.366,4.276,4.326
2020-10-13,4.183,4.345,4.255,4.305
2020-10-14,4.198,4.36,4.27,4.32
2020-10-15,4.205,4.367,4.277,4.327
2020-10-16,4.224,4.386,4.296,4.346
2020-10-19,4.222,4.384,4.294,4.344
2020-10-20,4.232,4.394,4.304,4.354
2020-10-21,4.249,4.411,4.321,4.371
2020-10-22,4.239,4.401,4.311,4.361
2020-10-23,4.242,4.404,4.314,4.364
2020-10-26,4.218,4.38,4.29,4.34
2020-10-27,4.205,4.367,4.277,4.327
2020-10-28,4.202,4.364,4.274,4.324
2020-10-29,4.209,4.371,4.281,4.331
2020-10-30,4.215,4.377,4.287,4.337
2020-11-02,4.215,4.377,4.287,4.337
2020-11-03,4.22,4.382,4.292,4.342
2020-11-04,4.214,4.376,4.286,4.336
2020-11-05,4.25,4.412,4.322,4.372
2020-11-06,4.26,4.422,4.332,4.382
2020-11-09,4.297,4.459,4.369,4.419
2020-11-10,4.269,4.431,4.341,4.391
2020-11-11,4.264,4.426,4.336,4.386
2020-11-12,4.251,4.413,4.323,4.373
2020-11-13,4.257,4.419,4.329,4.379
2020-11-16,4.283,4.445,4.355,4.405
2020-11-17,4.291,4.453,4.363,4.413
2020-11-18,4.296,4.458,4.368,4.418
2020-11-19,4.286,4.448,4.358,4.408
2020-11-20,4.285,4.447,4.357,4.407
2020-11-23,4.287,4.449,4.359,4.409
2020-11-24,4.286,4.448,4.358,4.408
2020-11-25,4.285,4.447,4.357,4.407
2020-11-26,4.288,4.45,4.36,4.41
2020-11-27,4.28,4.442,4.352,4.402
2020-11-30,4.282,4.444,4.354,4.404
2020-12-01,4.294,4.456,4.366,4.416
2020-12-02,4.286,4.448,4.358,4.408
2020-12-03,4.278,4.44,4.35,4.4
2020-12-04,4.273,4.435,4.345,4.395
2020-12-07,4.275,4.437,4.347,4.397
2020-12-08,4.271,4.433,4.343,4.393
2020-12-09,4.282,4.444,4.354,4.404
2020-12-10,4.258,4.42,4.33,4.38
2020-12-11,4.255,4.417,4.327,4.377
2020-12-14,4.262,4.424,4.334,4.384
2020-12-15,4.251,4.413,4.323,4.373
2020-12-16,4.266,4.428,4.338,4.388
2020-12-17,4.274,4.436,4.346,4.396
2020-12-18,4.263,4.425,4.335,4.385
2020-12-21,4.259,4.421,4.331,4.381
2020-12-22,4.263,4.425,4.335,4.385
2020-12-23,4.276,4.438,4.348,4.398
2020-12-24,4.276,4.438,4.348,4.398
2020-12-25,4.283,4.445,4.355,4.405
2020-12-28,4.271,4.433,4.343,4.393
2020-12-29,4.274,4.436,4.346,4.396
2020-12-30,4.275,4.437,4.347,4.397
2020-12-31,4.28,4.442,4.352,4.402
2021-01-04,4.306,4.468,4.378,4.428
2021-01-05,4.305,4.467,4.377,4.427
2021-01-06,4.311,4.473,4.383,4.433
2021-01-07,4.311,4.473,4.383,4.433
2021-01-08,4.301,4.463,4.373,4.423
2021-01-11,4.299,4.461,4.371,4.421
2021-01-12,4.309,4.471,4.381,4.431
2021-01-13,4.308,4.47,4.38,4.43
2021-01-14,4.303,4.465,4.375,4.425
2021-01-15,4.302,4.464,4.374,4.424
2021-01-18,4.286,4.448,4.358,4.408
2021-01-19,4.284,4.446,4.356,4.406
2021-01-20,4.293,4.455,4.365,4.415
2021-01-21,4.288,4.45,4.36,4.41
2021-01-22,4.276,4.438,4.348,4.398
2021-01-25,4.275,4.437,4.347,4.397
2021-01-26,4.278,4.44,4.35,4.4
2021-01-27,4.282,4.444,4.354,4.404
2021-01-28,4.27,4.432,4.342,4.392
2021-01-29,4.287,4.449,4.359,4.409
2021-02-01,4.29,4.452,4.362,4.412
2021-02-02,4.287,4.449,4.359,4.409
2021-02-03,4.291,4.453,4.363,4.413
2021-02-04,4.29,4.452,4.362,4.412
2021-02-05,4.279,4.441,4.351,4.401
2021-02-08,4.299,4.461,4.371,4.421
2021-02-09,4.307,4.469,4.379,4.429
2021-02-17,4.301,4.463,4.373,4.423
2021-02-18,4.285,4.447,4.357,4.407
2021-02-19,4.291,4.453,4.363,4.413
2021-02-20,4.285,4.447,4.357,4.407
2021-02-22,4.277,4.439,4.349,4.399
2021-02-23,4.277,4.439,4.349,4.399
2021-02-24,4.281,4.443,4.353,4.403
2021-02-25,4.28,4.442,4.352,4.402
2021-02-26,4.268,4.43,4.34,4.39
2021-03-02,4.269,4.431,4.341,4.391
2021-03-03,4.27,4.432,4.342,4.392
2021-03-04,4.264,4.426,4.336,4.386
2021-03-05,4.259,4.421,4.331,4.381
2021-03-08,4.227,4.389,4.299,4.349
2021-03-09,4.245,4.407,4.317,4.367
2021-03-10,4.248,4.41,4.32,4.37
2021-03-11,4.243,4.405,4.315,4.365
2021-03-12,4.237,4.399,4.309,4.359
2021-03-15,4.24,4.402,4.312,4.362
2021-03-16,4.249,4.411,4.321,4.371
2021-03-17,4.25,4.412,4.322,4.372
2021-03-18,4.258,4.42,4.33,4.38
2021-03-19,4.276,4.438,4.348,4.398
2021-03-22,4.278,4.44,4.35,4.4
2021-03-23,4.274,4.436,4.346,4.396
2021-03-24,4.275,4.437,4.347,4.397
2021-03-25,4.28,4.442,4.352,4.402
2021-03-26,4.273,4.435,4.345,4.395
2021-03-29,4.253,4.415,4.325,4.375
2021-03-30,4.237,4.399,4.309,4.359
2021-03-31,4.247,4.409,4.319,4.369
2021-04-01,4.238,4.4,4.31,4.36
2021-04-06,4.25,4.412,4.322,4.372
2021-04-07,4.243,4.405,4.315,4.365
2021-04-08,4.238,4.4,4.31,4.36
2021-04-09,4.232,4.394,4.304,4.354
2021-04-12,4.242,4.404,4.314,4.364
2021-04-13,4.247,4.409,4.319,4.369
2021-04-14,4.249,4.411,4.321,4.371
2021-04-15,4.242,4.404,4.314,4.364
2021-04-16,4.246,4.408,4.318,4.368
2021-04-19,4.234,4.396,4.306,4.356
2021-04-20,4.235,4.397,4.307,4.357
2021-04-21,4.235,4.397,4.307,4.357
2021-04-22,4.238,4.4,4.31,4.36
2021-04-23,4.23,4.392,4.302,4.352
2021-04-26,4.213,4.375,4.285,4.335
2021-04-27,4.208,4.37,4.28,4.33
2021-04-28,4.21,4.372,4.282,4.332
2021-04-29,4.224,4.386,4.296,4.346
2021-05-03,4.217,4.379,4.289,4.339
2021-05-04,4.212,4.374,4.284,4.334
2021-05-05,4.21,4.372,4.282,4.332
2021-05-06,4.222,4.384,4.294,4.344
2021-05-07,4.22,4.382,4.292,4.342
2021-05-10,4.232,4.394,4.304,4.354
2021-05-11,4.249,4.411,4.321,4.371
2021-05-12,4.238,4.4,4.31,4.36
2021-05-13,4.238,4.4,4.31,4.36
2021-05-14,4.252,4.414,4.324,4.374
2021-05-17,4.254,4.416,4.326,4.376
2021-05-18,4.25,4.412,4.322,4.372
2021-05-19,4.25,4.412,4.322,4.372
2021-05-20,4.252,4.414,4.324,4.374
2021-05-21,4.24,4.402,4.312,4.362
2021-05-24,4.248,4.41,4.32,4.37
2021-05-25,4.254,4.416,4.326,4.376
2021-05-26,4.255,4.417,4.327,4.377
2021-05-27,4.266,4.428,4.338,4.388
2021-05-28,4.26,4.422,4.332,4.382
2021-05-31,4.248,4.41,4.32,4.37
2021-06-01,4.239,4.401,4.311,4.361
2021-06-02,4.238,4.4,4.31,4.36
2021-06-03,4.232,4.394,4.304,4.354
2021-06-04,4.226,4.388,4.298,4.348
2021-06-07,4.236,4.398,4.308,4.358
2021-06-08,4.234,4.396,4.306,4.356
2021-06-09,4.245,4.407,4.317,4.367
2021-06-10,4.236,4.398,4.308,4.358
2021-06-11,4.227,4.389,4.299,4.349
2021-06-15,4.22,4.382,4.292,4.342
2021-06-16,4.23,4.392,4.302,4.352
2021-06-17,4.219,4.381,4.291,4.341
2021-06-18,4.212,4.374,4.284,4.334
2021-06-21,4.216,4.378,4.288,4.338
2021-06-22,4.217,4.379,4.289,4.339
2021-06-23,4.218,4.38,4.29,4.34
2021-06-24,4.224,4.386,4.296,4.346
2021-06-25,4.221,4.383,4.293,4.343
2021-06-28,4.22,4.382,4.292,4.342
2021-06-29,4.221,4.383,4.293,4.343
2021-06-30,4.212,4.374,4.284,4.334
2021-07-01,4.217,4.379,4.289,4.339
2021-07-02,4.214,4.376,4.286,4.336
2021-07-05,4.221,4.383,4.293,4.343
2021-07-06,4.222,4.384,4.294,4.344
2021-07-07,4.229,4.391,4.301,4.351
2021-07-08,4.221,4.383,4.293,4.343
2021-07-09,4.226,4.388,4.298,4.348
2021-07-12,4.225,4.387,4.297,4.347
2021-07-13,4.23,4.392,4.302,4.352
2021-07-14,4.224,4.386,4.296,4.346
2021-07-15,4.219,4.381,4.291,4.341
2021-07-16,4.229,4.391,4.301,4.351
2021-07-19,4.223,4.385,4.295,4.345
2021-07-20,4.224,4.386,4.296,4.346
2021-07-21,4.236,4.398,4.308,4.358
2021-07-22,4.233,4.395,4.305,4.355
2021-07-23,4.227,4.389,4.299,4.349
2021-07-26,4.228,4.39,4.3,4.35
2021-07-27,4.209,4.371,4.281,4.331
2021-07-28,4.202,4.364,4.274,4.324
2021-07-29,4.222,4.384,4.294,4.344
2021-07-30,4.232,4.394,4.304,4.354
2021-08-02,4.223,4.385,4.295,4.345
2021-08-03,4.223,4.385,4.295,4.345
2021-08-04,4.211,4.373,4.283,4.333
2021-08-05,4.203,4.365,4.275,4.325
2021-08-06,4.205,4.367,4.277,4.327
2021-08-09,4.198,4.36,4.27,4.32
2021-08-10,4.193,4.355,4.265,4.315
2021-08-11,4.194,4.356,4.266,4.316
2021-08-12,4.195,4.357,4.267,4.317
2021-08-13,4.2,4.362,4.272,4.322
2021-08-16,4.201,4.363,4.273,4.323
2021-08-17,4.198,4.36,4.27,4.32
2021-08-18,4.196,4.358,4.268,4.318
2021-08-19,4.206,4.368,4.278,4.328
2021-08-20,4.207,4.369,4.279,4.329
2021-08-23,4.21,4.372,4.282,4.332
2021-08-24,4.214,4.376,4.286,4.336
2021-08-25,4.214,4.376,4.286,4.336
2021-08-26,4.209,4.371,4.281,4.331
2021-08-27,4.213,4.375,4.285,4.335
2021-08-30,4.202,4.364,4.274,4.324
2021-08-31,4.2,4.362,4.272,4.322
2021-09-01,4.196,4.358,4.268,4.318
2021-09-02,4.197,4.359,4.269,4.319
2021-09-03,4.193,4.355,4.265,4.315
2021-09-06,4.188,4.35,4.26,4.31
2021-09-07,4.183,4.345,4.255,4.305
2021-09-08,4.195,4.357,4.267,4.317
2021-09-09,4.197,4.359,4.269,4.319
2021-09-10,4.202,4.364,4.274,4.324
2021-09-11,4.202,4.364,4.274,4.324
2021-09-13,4.198,4.36,4.27,4.32
2021-09-14,4.204,4.366,4.276,4.326
2021-09-15,4.204,4.366,4.276,4.326
2021-09-16,4.202,4.364,4.274,4.324
2021-09-17,4.199,4.361,4.271,4.321
2021-09-22,4.191,4.353,4.263,4.313
2021-09-23,4.195,4.357,4.267,4.317
2021-09-24,4.192,4.354,4.264,4.314
2021-09-27,4.191,4.353,4.263,4.313
2021-09-28,4.202,4.364,4.274,4.324
2021-09-29,4.198,4.36,4.27,4.32
2021-09-30,4.208,4.37,4.28,4.33
2021-10-01,4.235,4.397,4.307,4.357
2021-10-04,4.219,4.381,4.291,4.341
2021-10-05,4.228,4.39,4.3,4.35
2021-10-06,4.228,4.39,4.3,4.35
2021-10-07,4.236,4.398,4.308,4.358
2021-10-08,4.246,4.408,4.318,4.368
2021-10-12,4.259,4.421,4.331,4.381
2021-10-13,4.264,4.426,4.336,4.386
2021-10-14,4.268,4.43,4.34,4.39
2021-10-15,4.265,4.427,4.337,4.387
2021-10-18,4.256,4.418,4.328,4.378
2021-10-19,4.267,4.429,4.339,4.389
2021-10-20,4.271,4.433,4.343,4.393
2021-10-21,4.265,4.427,4.337,4.387
2021-10-22,4.268,4.43,4.34,4.39
2021-10-25,4.272,4.434,4.344,4.394
2021-10-26,4.263,4.425,4.335,4.385
2021-10-27,4.259,4.421,4.331,4.381
2021-10-28,4.253,4.415,4.325,4.375
2021-10-29,4.256,4.418,4.328,4.378
2021-11-01,4.252,4.414,4.324,4.374
2021-11-02,4.256,4.418,4.328,4.378
2021-11-03,4.255,4.417,4.327,4.377
2021-11-04,4.259,4.421,4.331,4.381
2021-11-05,4.258,4.42,4.33,4.38
2021-11-08,4.254,4.416,4.326,4.376
2021-11-09,4.243,4.405,4.315,4.365
2021-11-10,4.247,4.409,4.319,4.369
2021-11-11,4.248,4.41,4.32,4.37
2021-11-12,4.26,4.422,4.332,4.382
2021-11-15,4.258,4.42,4.33,4.38
2021-11-16,4.26,4.422,4.332,4.382
2021-11-17,4.256,4.418,4.328,4.378
2021-11-18,4.262,4.424,4.334,4.384
2021-11-19,4.255,4.417,4.327,4.377
2021-11-22,4.254,4.416,4.326,4.376
2021-11-23,4.257,4.419,4.329,4.379
2021-11-24,4.251,4.413,4.323,4.373
2021-11-25,4.253,4.415,4.325,4.375
2021-11-26,4.254,4.416,4.326,4.376
2021-11-29,4.256,4.418,4.328,4.378
2021-11-30,4.263,4.425,4.335,4.385
2021-12-01,4.262,4.424,4.334,4.384
2021-12-02,4.253,4.415,4.325,4.375
2021-12-03,4.253,4.415,4.325,4.375
2021-12-06,4.255,4.417,4.327,4.377
2021-12-07,4.264,4.426,4.336,4.386
2021-12-08,4.267,4.429,4.339,4.389
2021-12-09,4.271,4.433,4.343,4.393
2021-12-10,4.254,4.416,4.326,4.376
2021-12-13,4.267,4.429,4.339,4.389
2021-12-14,4.268,4.43,4.34,4.39
2021-12-15,4.266,4.428,4.338,4.388
2021-12-16,4.267,4.429,4.339,4.389
2021-12-17,4.255,4.417,4.327,4.377
2021-12-20,4.26,4.422,4.332,4.382
2021-12-21,4.265,4.427,4.337,4.387
2021-12-22,4.26,4.422,4.332,4.382
2021-12-23,4.26,4.422,4.332,4.382
2021-12-24,4.253,4.415,4.325,4.375
2021-12-27,4.249,4.411,4.321,4.371
2021-12-28,4.245,4.407,4.317,4.367
2021-12-29,4.244,4.406,4.316,4.366
2021-12-30,4.247,4.409,4.319,4.369
2022-01-03,4.245,4.407,4.317,4.367
2022-01-04,4.232,4.394,4.304,4.354
2022-01-05,4.234,4.396,4.306,4.356
2022-01-06,4.234,4.396,4.306,4.356
2022-01-07,4.242,4.404,4.314,4.364
2022-01-10,4.238,4.4,4.31,4.36
2022-01-11,4.241,4.403,4.313,4.363
2022-01-12,4.246,4.408,4.318,4.368
2022-01-13,4.245,4.407,4.317,4.367
2022-01-14,4.252,4.414,4.324,4.374
2022-01-17,4.246,4.408,4.318,4.368
2022-01-18,4.246,4.408,4.318,4.368
2022-01-19,4.251,4.413,4.323,4.373
2022-01-20,4.256,4.418,4.328,4.378
2022-01-21,4.267,4.429,4.339,4.389
2022-01-22,4.267,4.429,4.339,4.389
2022-01-24,4.273,4.435,4.345,4.395
2022-01-25,4.277,4.439,4.349,4.399
2022-01-26,4.285,4.447,4.357,4.407
2022-01-27,4.271,4.433,4.343,4.393
2022-01-28,4.27,4.432,4.342,4.392
2022-02-07,4.278,4.44,4.35,4.4
2022-02-08,4.268,4.43,4.34,4.39
2022-02-09,4.272,4.434,4.344,4.394
2022-02-10,4.276,4.438,4.348,4.398
2022-02-11,4.278,4.44,4.35,4.4
2022-02-14,4.282,4.444,4.354,4.404
2022-02-15,4.291,4.453,4.363,4.413
2022-02-16,4.304,4.466,4.376,4.426
2022-02-17,4.304,4.466,4.376,4.426
2022-02-18,4.31,4.472,4.382,4.432
2022-02-21,4.3,4.462,4.372,4.422
2022-02-22,4.302,4.464,4.374,4.424
2022-02-23,4.313,4.475,4.385,4.435
2022-02-24,4.338,4.5,4.41,4.46
2022-02-25,4.342,4.504,4.414,4.464
2022-03-01,4.341,4.503,4.413,4.463
2022-03-02,4.346,4.508,4.418,4.468
2022-03-03,4.34,4.502,4.412,4.462
2022-03-04,4.348,4.51,4.42,4.47
2022-03-07,4.37,4.532,4.442,4.492
2022-03-08,4.391,4.553,4.463,4.513
2022-03-09,4.399,4.561,4.471,4.521
2022-03-10,4.38,4.542,4.452,4.502
2022-03-11,4.388,4.55,4.46,4.51
2022-03-14,4.375,4.537,4.447,4.497
2022-03-15,4.374,4.536,4.446,4.496
2022-03-16,4.402,4.564,4.474,4.524
2022-03-17,4.375,4.537,4.447,4.497
2022-03-18,4.351,4.513,4.423,4.473
2022-03-21,4.37,4.532,4.442,4.492
2022-03-22,4.38,4.542,4.452,4.502
2022-03-23,4.371,4.533,4.443,4.493
2022-03-24,4.383,4.545,4.455,4.505
2022-03-25,4.39,4.552,4.462,4.512
2022-03-28,4.404,4.566,4.476,4.526
2022-03-29,4.41,4.572,4.482,4.532
2022-03-30,4.392,4.554,4.464,4.514
2022-03-31,4.409,4.571,4.481,4.531
2022-04-01,4.413,4.575,4.485,4.535
2022-04-06,4.418,4.58,4.49,4.54
2022-04-07,4.432,4.594,4.504,4.554
2022-04-08,4.442,4.604,4.514,4.564
2022-04-11,4.457,4.619,4.529,4.579
2022-04-12,4.473,4.635,4.545,4.595
2022-04-13,4.463,4.625,4.535,4.585
2022-04-14,4.449,4.611,4.521,4.571
2022-04-15,4.464,4.626,4.536,4.586
2022-04-18,4.478,4.64,4.55,4.6
2022-04-19,4.479,4.641,4.551,4.601
2022-04-20,4.444,4.606,4.516,4.566
2022-04-21,4.415,4.577,4.487,4.537
2022-04-22,4.404,4.566,4.476,4.526
2022-04-25,4.364,4.526,4.436,4.486
2022-04-26,4.356,4.518,4.428,4.478
2022-04-27,4.366,4.528,4.438,4.488
2022-04-28,4.35,4.512,4.422,4.472
2022-04-29,4.358,4.52,4.43,4.48
2022-05-03,4.322,4.484,4.394,4.444
2022-05-04,4.342,4.504,4.414,4.464
2022-05-05,4.341,4.503,4.413,4.463
2022-05-06,4.32,4.482,4.392,4.442
2022-05-09,4.295,4.457,4.367,4.417
2022-05-10,4.305,4.467,4.377,4.427
2022-05-11,4.303,4.465,4.375,4.425
2022-05-12,4.281,4.443,4.353,4.403
2022-05-13,4.284,4.446,4.356,4.406
2022-05-16,4.275,4.437,4.347,4.397
2022-05-17,4.297,4.459,4.369,4.419
2022-05-18,4.295,4.457,4.367,4.417
2022-05-19,4.29,4.452,4.362,4.412
2022-05-20,4.338,4.5,4.41,4.46
2022-05-23,4.339,4.501,4.411,4.461
2022-05-24,4.338,4.5,4.41,4.46
2022-05-25,4.326,4.488,4.398,4.448
2022-05-26,4.269,4.431,4.341,4.391
2022-05-27,4.248,4.41,4.32,4.37
2022-05-30,4.265,4.427,4.337,4.387
2022-05-31,4.255,4.417,4.327,4.377
2022-06-01,4.273,4.435,4.345,4.395
2022-06-02,4.3,4.462,4.372,4.422
2022-06-06,4.326,4.488,4.398,4.448
2022-06-07,4.327,4.489,4.399,4.449
2022-06-08,4.318,4.48,4.39,4.44
2022-06-09,4.314,4.476,4.386,4.436
2022-06-10,4.319,4.481,4.391,4.441
2022-06-13,4.306,4.468,4.378,4.428
2022-06-14,4.305,4.467,4.377,4.427
2022-06-15,4.322,4.484,4.394,4.444
2022-06-16,4.327,4.489,4.399,4.449
2022-06-17,4.336,4.498,4.408,4.458
2022-06-20,4.353,4.515,4.425,4.475
2022-06-21,4.339,4.501,4.411,4.461
2022-06-22,4.332,4.494,4.404,4.454
2022-06-23,4.34,4.502,4.412,4.462
2022-06-24,4.343,4.505,4.415,4.465
2022-06-27,4.334,4.496,4.406,4.456
2022-06-28,4.34,4.502,4.412,4.462
2022-06-29,4.326,4.488,4.398,4.448
2022-06-30,4.342,4.504,4.414,4.464
2022-07-01,4.338,4.5,4.41,4.46
2022-07-04,4.346,4.508,4.418,4.468
2022-07-05,4.347,4.509,4.419,4.469
2022-07-06,4.344,4.506,4.416,4.466
2022-07-07,4.342,4.504,4.414,4.464
2022-07-08,4.345,4.507,4.417,4.467
2022-07-11,4.346,4.508,4.418,4.468
2022-07-12,4.332,4.494,4.404,4.454
2022-07-13,4.342,4.504,4.414,4.464
2022-07-14,4.33,4.492,4.402,4.452
2022-07-15,4.321,4.483,4.393,4.443
2022-07-18,4.336,4.498,4.408,4.458
2022-07-19,4.333,4.495,4.405,4.455
2022-07-20,4.326,4.488,4.398,4.448
2022-07-21,4.315,4.477,4.387,4.437
2022-07-22,4.316,4.478,4.388,4.438
2022-07-25,4.329,4.491,4.401,4.451
2022-07-26,4.329,4.491,4.401,4.451
2022-07-27,4.329,4.491,4.401,4.451
2022-07-28,4.339,4.501,4.411,4.461
2022-07-29,4.35,4.512,4.422,4.472
2022-08-01,4.338,4.5,4.41,4.46
2022-08-02,4.334,4.496,4.406,4.456
2022-08-03,4.338,4.5,4.41,4.46
2022-08-04,4.338,4.5,4.41,4.46
2022-08-05,4.339,4.501,4.411,4.461
2022-08-08,4.339,4.501,4.411,4.461
2022-08-09,4.339,4.501,4.411,4.461
2022-08-10,4.339,4.501,4.411,4.461
2022-08-11,4.347,4.509,4.419,4.469
2022-08-12,4.353,4.515,4.425,4.475
2022-08-15,4.327,4.489,4.399,4.449
2022-08-16,4.311,4.473,4.383,4.433
2022-08-17,4.321,4.483,4.393,4.443
2022-08-18,4.309,4.471,4.381,4.431
2022-08-19,4.303,4.465,4.375,4.425
2022-08-22,4.292,4.454,4.364,4.414
2022-08-23,4.297,4.459,4.369,4.419
2022-08-24,4.305,4.467,4.377,4.427
2022-08-25,4.306,4.468,4.378,4.428
2022-08-26,4.302,4.464,4.374,4.424
2022-08-29,4.291,4.453,4.363,4.413
2022-08-30,4.306,4.468,4.378,4.428
2022-08-31,4.312,4.474,4.384,4.434
2022-09-01,4.321,4.483,4.393,4.443
2022-09-02,4.328,4.49,4.4,4.45
2022-09-05,4.32,4.482,4.392,4.442
2022-09-06,4.324,4.486,4.396,4.446
2022-09-07,4.335,4.497,4.407,4.457
2022-09-08,4.336,4.498,4.408,4.458
2022-09-12,4.361,4.523,4.433,4.483
2022-09-13,4.362,4.524,4.434,4.484
2022-09-14,4.361,4.523,4.433,4.483
2022-09-15,4.364,4.526,4.436,4.486
2022-09-16,4.354,4.516,4.426,4.476
2022-09-19,4.368,4.53,4.44,4.49
2022-09-20,4.373,4.535,4.445,4.495
2022-09-21,4.357,4.519,4.429,4.479
2022-09-22,4.356,4.518,4.428,4.478
2022-09-23,4.356,4.518,4.428,4.478
2022-09-26,4.35,4.512,4.422,4.472
2022-09-27,4.347,4.509,4.419,4.469
2022-09-28,4.3,4.462,4.372,4.422
2022-09-29,4.322,4.484,4.394,4.444
2022-09-30,4.376,4.538,4.448,4.498
2022-10-03,4.36,4.522,4.432,4.482
2022-10-04,4.395,4.557,4.467,4.517
2022-10-05,4.384,4.546,4.456,4.506
2022-10-06,4.38,4.542,4.452,4.502
2022-10-07,4.355,4.517,4.427,4.477
2022-10-11,4.334,4.496,4.406,4.456
2022-10-12,4.342,4.504,4.414,4.464
2022-10-13,4.337,4.499,4.409,4.459
2022-10-14,4.34,4.502,4.412,4.462
2022-10-17,4.341,4.503,4.413,4.463
2022-10-18,4.349,4.511,4.421,4.471
2022-10-19,4.328,4.49,4.4,4.45
2022-10-20,4.33,4.492,4.402,4.452
2022-10-21,4.337,4.499,4.409,4.459
2022-10-24,4.326,4.488,4.398,4.448
2022-10-25,4.309,4.471,4.381,4.431
2022-10-26,4.356,4.518,4.428,4.478
2022-10-27,4.333,4.495,4.405,4.455
2022-10-28,4.329,4.491,4.401,4.451
2022-10-31,4.31,4.472,4.382,4.432
2022-11-01,4.321,4.483,4.393,4.443
2022-11-02,4.315,4.477,4.387,4.437
2022-11-03,4.295,4.457,4.367,4.417
2022-11-04,4.328,4.49,4.4,4.45
2022-11-07,4.324,4.486,4.396,4.446
2022-11-08,4.316,4.478,4.388,4.438
2022-11-09,4.298,4.46,4.37,4.42
2022-11-10,4.295,4.457,4.367,4.417
2022-11-11,4.324,4.486,4.396,4.446
2022-11-14,4.324,4.486,4.396,4.446
2022-11-15,4.324,4.486,4.396,4.446
2022-11-16,4.298,4.46,4.37,4.42
2022-11-17,4.273,4.435,4.345,4.395
2022-11-18,4.273,4.435,4.345,4.395
2022-11-21,4.254,4.416,4.326,4.376
2022-11-22,4.257,4.419,4.329,4.379
2022-11-23,4.266,4.428,4.338,4.388
2022-11-24,4.237,4.399,4.309,4.359
2022-11-25,4.215,4.377,4.287,4.337
2022-11-28,4.198,4.36,4.27,4.32
2022-11-29,4.217,4.379,4.289,4.339
2022-11-30,4.227,4.389,4.299,4.349
2022-12-01,4.234,4.396,4.306,4.356
2022-12-02,4.251,4.413,4.323,4.373
2022-12-05,4.28,4.442,4.352,4.402
2022-12-06,4.283,4.445,4.355,4.405
2022-12-07,4.295,4.457,4.367,4.417
2022-12-08,4.305,4.467,4.377,4.427
2022-12-09,4.311,4.473,4.383,4.433
2022-12-12,4.305,4.467,4.377,4.427
2022-12-13,4.3,4.462,4.372,4.422
2022-12-14,4.299,4.461,4.371,4.421
2022-12-15,4.297,4.459,4.369,4.419
2022-12-16,4.301,4.463,4.373,4.423
2022-12-19,4.304,4.466,4.376,4.426
2022-12-20,4.308,4.47,4.38,4.43
2022-12-21,4.308,4.47,4.38,4.43
2022-12-22,4.293,4.455,4.365,4.415
2022-12-23,4.294,4.456,4.366,4.416
2022-12-26,4.303,4.465,4.375,4.425
2022-12-27,4.304,4.466,4.376,4.426
2022-12-28,4.308,4.47,4.38,4.43
2022-12-29,4.304,4.466,4.376,4.426
2022-12-30,4.311,4.473,4.383,4.433
2023-01-03,4.354,4.516,4.426,4.476
2023-01-04,4.357,4.519,4.429,4.479
2023-01-05,4.365,4.527,4.437,4.487
2023-01-06,4.375,4.537,4.447,4.497
2023-01-07,4.395,4.557,4.467,4.517
2023-01-09,4.397,4.559,4.469,4.519
2023-01-10,4.385,4.547,4.457,4.507
2023-01-11,4.388,4.55,4.46,4.51
2023-01-12,4.402,4.564,4.474,4.524
2023-01-13,4.42,4.582,4.492,4.542
2023-01-16,4.406,4.568,4.478,4.528
2023-01-17,4.376,4.538,4.448,4.498
2023-01-18,4.377,4.539,4.449,4.499
2023-01-19,4.379,4.541,4.451,4.501
2023-01-30,4.364,4.526,4.436,4.486
2023-01-31,4.348,4.51,4.42,4.47
2023-02-01,4.339,4.501,4.411,4.461
2023-02-02,4.317,4.479,4.389,4.439
2023-02-03,4.306,4.468,4.378,4.428
2023-02-04,4.292,4.454,4.364,4.414
2023-02-06,4.317,4.479,4.389,4.439
2023-02-07,4.322,4.484,4.394,4.444
2023-02-08,4.331,4.493,4.403,4.453
2023-02-09,4.33,4.492,4.402,4.452
2023-02-10,4.332,4.494,4.404,4.454
2023-02-13,4.328,4.49,4.4,4.45
2023-02-14,4.329,4.491,4.401,4.451
2023-02-15,4.324,4.486,4.396,4.446
2023-02-16,4.314,4.476,4.386,4.436
2023-02-17,4.316,4.478,4.388,4.438
2023-02-18,4.323,4.485,4.395,4.445
2023-02-20,4.326,4.488,4.398,4.448
2023-02-21,4.322,4.484,4.394,4.444
2023-02-22,4.323,4.485,4.395,4.445
2023-02-23,4.309,4.471,4.381,4.431
2023-02-24,4.29,4.452,4.362,4.412
2023-03-01,4.334,4.496,4.406,4.456
2023-03-02,4.331,4.493,4.403,4.453
2023-03-03,4.337,4.499,4.409,4.459
2023-03-06,4.318,4.48,4.39,4.44
2023-03-07,4.314,4.476,4.386,4.436
2023-03-08,4.313,4.475,4.385,4.435
2023-03-09,4.315,4.477,4.387,4.437
2023-03-10,4.328,4.49,4.4,4.45
2023-03-13,4.343,4.505,4.415,4.465
2023-03-14,4.359,4.521,4.431,4.481
2023-03-15,4.339,4.501,4.411,4.461
2023-03-16,4.339,4.501,4.411,4.461
2023-03-17,4.353,4.515,4.425,4.475
2023-03-20,4.344,4.506,4.416,4.466
2023-03-21,4.346,4.508,4.418,4.468
2023-03-22,4.331,4.493,4.403,4.453
2023-03-23,4.353,4.515,4.425,4.475
2023-03-24,4.332,4.494,4.404,4.454
2023-03-25,4.324,4.486,4.396,4.446
2023-03-27,4.313,4.475,4.385,4.435
2023-03-28,4.313,4.475,4.385,4.435
2023-03-29,4.323,4.485,4.395,4.445
2023-03-30,4.33,4.492,4.402,4.452
2023-03-31,4.334,4.496,4.406,4.456
2023-04-06,4.338,4.5,4.41,4.46
2023-04-07,4.328,4.49,4.4,4.45
2023-04-10,4.33,4.492,4.402,4.452
2023-04-11,4.326,4.488,4.398,4.448
2023-04-12,4.33,4.492,4.402,4.452
2023-04-13,4.336,4.498,4.408,4.458
2023-04-14,4.353,4.515,4.425,4.475
2023-04-17,4.339,4.501,4.411,4.461
2023-04-18,4.338,4.5,4.41,4.46
2023-04-19,4.329,4.491,4.401,4.451
2023-04-20,4.346,4.508,4.418,4.468
2023-04-21,4.341,4.503,4.413,4.463
2023-04-24,4.34,4.502,4.412,4.462
2023-04-25,4.331,4.493,4.403,4.453
2023-04-26,4.335,4.497,4.407,4.457
2023-04-27,4.33,4.492,4.402,4.452
2023-04-28,4.336,4.498,4.408,4.458
2023-05-02,4.331,4.493,4.403,4.453
2023-05-03,4.343,4.505,4.415,4.465
2023-05-04,4.335,4.497,4.407,4.457
2023-05-05,4.332,4.494,4.404,4.454
2023-05-08,4.336,4.498,4.408,4.458
2023-05-09,4.331,4.493,4.403,4.453
2023-05-10,4.335,4.497,4.407,4.457
2023-05-11,4.327,4.489,4.399,4.449
2023-05-12,4.322,4.484,4.394,4.444
2023-05-15,4.329,4.491,4.401,4.451
2023-05-16,4.321,4.483,4.393,4.443
2023-05-17,4.293,4.455,4.365,4.415
2023-05-18,4.27,4.432,4.342,4.392
2023-05-19,4.262,4.424,4.334,4.384
2023-05-22,4.259,4.421,4.331,4.381
2023-05-23,4.256,4.418,4.328,4.378
2023-05-24,4.265,4.427,4.337,4.387
2023-05-25,4.25,4.412,4.322,4.372
2023-05-26,4.258,4.42,4.33,4.38
2023-05-29,4.227,4.389,4.299,4.349
2023-05-30,4.218,4.38,4.29,4.34
2023-05-31,4.219,4.381,4.291,4.341
2023-06-01,4.209,4.371,4.281,4.331
2023-06-02,4.228,4.39,4.3,4.35
2023-06-05,4.208,4.37,4.28,4.33
2023-06-06,4.212,4.374,4.284,4.334
2023-06-07,4.206,4.368,4.278,4.328
2023-06-08,4.208,4.37,4.28,4.33
2023-06-09,4.209,4.371,4.281,4.331
2023-06-12,4.201,4.363,4.273,4.323
2023-06-13,4.19,4.352,4.262,4.312
2023-06-14,4.187,4.349,4.259,4.309
2023-06-15,4.193,4.355,4.265,4.315
2023-06-16,4.211,4.373,4.283,4.333
2023-06-17,4.214,4.376,4.286,4.336
2023-06-19,4.204,4.366,4.276,4.326
2023-06-20,4.207,4.369,4.279,4.329
2023-06-21,4.197,4.359,4.269,4.319
2023-06-26,4.187,4.349,4.259,4.309
2023-06-27,4.203,4.365,4.275,4.325
2023-06-28,4.191,4.353,4.263,4.313
2023-06-29,4.189,4.351,4.261,4.311
2023-06-30,4.185,4.347,4.257,4.307
2023-07-03,4.188,4.35,4.26,4.31
2023-07-04,4.211,4.373,4.283,4.333
2023-07-05,4.198,4.36,4.27,4.32
2023-07-06,4.205,4.367,4.277,4.327
2023-07-07,4.224,4.386,4.296,4.346
2023-07-10,4.239,4.401,4.311,4.361
2023-07-11,4.248,4.41,4.32,4.37
2023-07-12,4.244,4.406,4.316,4.366
2023-07-13,4.24,4.402,4.312,4.362
2023-07-14,4.229,4.391,4.301,4.351
2023-07-17,4.226,4.388,4.298,4.348
2023-07-18,4.218,4.38,4.29,4.34
2023-07-19,4.203,4.365,4.275,4.325
2023-07-20,4.223,4.385,4.295,4.345
2023-07-21,4.253,4.415,4.325,4.375
2023-07-24,4.253,4.415,4.325,4.375
2023-07-25,4.286,4.448,4.358,4.408
2023-07-26,4.271,4.433,4.343,4.393
2023-07-27,4.277,4.439,4.349,4.399
2023-07-28,4.285,4.447,4.357,4.407
2023-07-31,4.296,4.458,4.368,4.418
2023-08-01,4.296,4.458,4.368,4.418
2023-08-02,4.299,4.461,4.371,4.421
2023-08-03,4.296,4.458,4.368,4.418
2023-08-04,4.31,4.472,4.382,4.432
2023-08-07,4.3,4.462,4.372,4.422
2023-08-08,4.304,4.466,4.376,4.426
2023-08-09,4.304,4.466,4.376,4.426
2023-08-10,4.302,4.464,4.374,4.424
2023-08-11,4.289,4.451,4.361,4.411
2023-08-14,4.297,4.459,4.369,4.419
2023-08-15,4.269,4.431,4.341,4.391
2023-08-16,4.268,4.43,4.34,4.39
2023-08-17,4.262,4.424,4.334,4.384
2023-08-18,4.276,4.438,4.348,4.398
2023-08-21,4.269,4.431,4.341,4.391
2023-08-22,4.281,4.443,4.353,4.403
2023-08-23,4.277,4.439,4.349,4.399
2023-08-24,4.266,4.428,4.338,4.388
2023-08-25,4.27,4.432,4.342,4.392
2023-08-28,4.27,4.432,4.342,4.392
2023-08-29,4.272,4.434,4.344,4.394
2023-08-30,4.265,4.427,4.337,4.387
2023-08-31,4.268,4.43,4.34,4.39
2023-09-01,4.287,4.449,4.359,4.409
2023-09-04,4.286,4.448,4.358,4.408
2023-09-05,4.269,4.431,4.341,4.391
2023-09-06,4.272,4.434,4.344,4.394
2023-09-07,4.266,4.428,4.338,4.388
2023-09-08,4.254,4.416,4.326,4.376
2023-09-11,4.282,4.444,4.354,4.404
2023-09-12,4.285,4.447,4.357,4.407
2023-09-13,4.291,4.453,4.363,4.413
2023-09-14,4.284,4.446,4.356,4.406
2023-09-15,4.292,4.454,4.364,4.414
2023-09-18,4.287,4.449,4.359,4.409
2023-09-19,4.285,4.447,4.357,4.407
2023-09-20,4.282,4.444,4.354,4.404
2023-09-21,4.296,4.458,4.368,4.418
2023-09-22,4.303,4.465,4.375,4.425
2023-09-23,4.303,4.465,4.375,4.425
2023-09-25,4.299,4.461,4.371,4.421
2023-09-26,4.311,4.473,4.383,4.433
2023-09-27,4.312,4.474,4.384,4.434
2023-09-28,4.318,4.48,4.39,4.44
2023-10-02,4.32,4.482,4.392,4.442
2023-10-03,4.318,4.48,4.39,4.44
2023-10-04,4.321,4.483,4.393,4.443
2023-10-05,4.311,4.473,4.383,4.433
2023-10-06,4.312,4.474,4.384,4.434
2023-10-11,4.302,4.464,4.374,4.424
2023-10-12,4.305,4.467,4.377,4.427
2023-10-13,4.314,4.476,4.386,4.436
2023-10-16,4.316,4.478,4.388,4.438
2023-10-17,4.316,4.478,4.388,4.438
2023-10-18,4.318,4.48,4.39,4.44
2023-10-19,4.312,4.474,4.384,4.434
2023-10-20,4.309,4.471,4.381,4.431
2023-10-23,4.32,4.482,4.392,4.442
2023-10-24,4.321,4.483,4.393,4.443
2023-10-25,4.322,4.484,4.394,4.444
2023-10-26,4.332,4.494,4.404,4.454
2023-10-27,4.331,4.493,4.403,4.453
2023-10-30,4.327,4.489,4.399,4.449
2023-10-31,4.325,4.487,4.397,4.447
2023-11-01,4.33,4.492,4.402,4.452
2023-11-02,4.316,4.478,4.388,4.438
2023-11-03,4.313,4.475,4.385,4.435
2023-11-06,4.314,4.476,4.386,4.436
2023-11-07,4.32,4.482,4.392,4.442
2023-11-08,4.33,4.492,4.402,4.452
2023-11-09,4.327,4.489,4.399,4.449
2023-11-10,4.333,4.495,4.405,4.455
2023-11-13,4.33,4.492,4.402,4.452
2023-11-14,4.332,4.494,4.404,4.454
2023-11-15,4.333,4.495,4.405,4.455
2023-11-16,4.312,4.474,4.384,4.434
2023-11-17,4.296,4.458,4.368,4.418
2023-11-20,4.309,4.471,4.381,4.431
2023-11-21,4.306,4.468,4.378,4.428
2023-11-22,4.321,4.483,4.393,4.443
2023-11-23,4.318,4.48,4.39,4.44
2023-11-24,4.319,4.481,4.391,4.441
2023-11-27,4.313,4.475,4.385,4.435
2023-11-28,4.297,4.459,4.369,4.419
2023-11-29,4.286,4.448,4.358,4.408
2023-11-30,4.281,4.443,4.353,4.403
2023-12-01,4.302,4.464,4.374,4.424
2023-12-04,4.299,4.461,4.371,4.421
2023-12-05,4.302,4.464,4.374,4.424
2023-12-06,4.299,4.461,4.371,4.421
2023-12-07,4.304,4.466,4.376,4.426
2023-12-08,4.279,4.441,4.351,4.401
2023-12-11,4.279,4.441,4.351,4.401
2023-12-12,4.284,4.446,4.356,4.406
2023-12-13,4.281,4.443,4.353,4.403
2023-12-14,4.285,4.447,4.357,4.407
2023-12-15,4.297,4.459,4.369,4.419
2023-12-18,4.29,4.452,4.362,4.412
2023-12-19,4.286,4.448,4.358,4.408
2023-12-20,4.288,4.45,4.36,4.41
2023-12-21,4.277,4.439,4.349,4.399
2023-12-22,4.266,4.428,4.338,4.388
2023-12-25,4.258,4.42,4.33,4.38
2023-12-26,4.247,4.409,4.319,4.369
2023-12-27,4.221,4.383,4.293,4.343
2023-12-28,4.222,4.384,4.294,4.344
2023-12-29,4.23,4.392,4.302,4.352
2024-01-02,4.227,4.389,4.299,4.349
2024-01-03,4.24,4.402,4.312,4.362
2024-01-04,4.234,4.396,4.306,4.356
2024-01-05,4.227,4.389,4.299,4.349
2024-01-08,4.226,4.388,4.298,4.348
2024-01-09,4.23,4.392,4.302,4.352
2024-01-10,4.234,4.396,4.306,4.356
2024-01-11,4.238,4.4,4.31,4.36
2024-01-12,4.241,4.403,4.313,4.363
2024-01-15,4.247,4.409,4.319,4.369
2024-01-16,4.266,4.428,4.338,4.388
2024-01-17,4.278,4.44,4.35,4.4
2024-01-18,4.279,4.441,4.351,4.401
2024-01-19,4.265,4.427,4.337,4.387
2024-01-22,4.253,4.415,4.325,4.375
2024-01-23,4.27,4.432,4.342,4.392
2024-01-24,4.274,4.436,4.346,4.396
2024-01-25,4.27,4.432,4.342,4.392
2024-01-26,4.254,4.416,4.326,4.376
2024-01-29,4.249,4.411,4.321,4.371
2024-01-30,4.235,4.397,4.307,4.357
2024-01-31,4.255,4.417,4.327,4.377
2024-02-01,4.256,4.418,4.328,4.378
2024-02-02,4.246,4.408,4.318,4.368
2024-02-05,4.25,4.412,4.322,4.372
2024-02-06,4.253,4.415,4.325,4.375
2024-02-07,4.254,4.416,4.326,4.376
2024-02-15,4.253,4.415,4.325,4.375
2024-02-16,4.246,4.408,4.318,4.368
2024-02-17,4.254,4.416,4.326,4.376
2024-02-19,4.257,4.419,4.329,4.379
2024-02-20,4.272,4.434,4.344,4.394
2024-02-21,4.285,4.447,4.357,4.407
2024-02-22,4.281,4.443,4.353,4.403
2024-02-23,4.28,4.442,4.352,4.402
2024-02-26,4.28,4.442,4.352,4.402
2024-02-27,4.28,4.442,4.352,4.402
2024-02-29,4.283,4.445,4.355,4.405
2024-03-01,4.285,4.447,4.357,4.407
2024-03-04,4.275,4.437,4.347,4.397
2024-03-05,4.279,4.441,4.351,4.401
2024-03-06,4.279,4.441,4.351,4.401
2024-03-07,4.277,4.439,4.349,4.399
2024-03-08,4.268,4.43,4.34,4.39
2024-03-11,4.274,4.436,4.346,4.396
2024-03-12,4.278,4.44,4.35,4.4
2024-03-13,4.273,4.435,4.345,4.395
2024-03-14,4.279,4.441,4.351,4.401
2024-03-15,4.288,4.45,4.36,4.41
2024-03-18,4.296,4.458,4.368,4.418
2024-03-19,4.31,4.472,4.382,4.432
2024-03-20,4.321,4.483,4.393,4.443
2024-03-21,4.316,4.478,4.388,4.438
2024-03-22,4.305,4.467,4.377,4.427
2024-03-25,4.3,4.462,4.372,4.422
2024-03-26,4.304,4.466,4.376,4.426
2024-03-27,4.314,4.476,4.386,4.436
2024-03-28,4.311,4.473,4.383,4.433
2024-03-29,4.311,4.473,4.383,4.433
2024-04-01,4.313,4.475,4.385,4.435
2024-04-02,4.319,4.481,4.391,4.441
2024-04-03,4.32,4.482,4.392,4.442
2024-04-08,4.332,4.494,4.404,4.454
2024-04-09,4.335,4.497,4.407,4.457
2024-04-10,4.323,4.485,4.395,4.445
2024-04-11,4.345,4.507,4.417,4.467
2024-04-12,4.351,4.513,4.423,4.473
2024-04-15,4.363,4.525,4.435,4.485
2024-04-16,4.371,4.533,4.443,4.493
2024-04-17,4.383,4.545,4.455,4.505
2024-04-18,4.367,4.529,4.439,4.489
2024-04-19,4.387,4.549,4.459,4.509
2024-04-22,4.403,4.565,4.475,4.525
2024-04-23,4.394,4.556,4.466,4.516
2024-04-24,4.382,4.544,4.454,4.504
2024-04-25,4.386,4.548,4.458,4.508
2024-04-26,4.389,4.551,4.461,4.511
2024-04-29,4.389,4.551,4.461,4.511
2024-04-30,4.39,4.552,4.462,4.512
2024-05-02,4.399,4.561,4.471,4.521
2024-05-03,4.399,4.561,4.471,4.521
2024-05-06,4.383,4.545,4.455,4.505
2024-05-07,4.387,4.549,4.459,4.509
2024-05-08,4.384,4.546,4.456,4.506
2024-05-09,4.391,4.553,4.463,4.513
2024-05-10,4.387,4.549,4.459,4.509
2024-05-13,4.379,4.541,4.451,4.501
2024-05-14,4.377,4.539,4.449,4.499
2024-05-15,4.375,4.537,4.447,4.497
2024-05-16,4.348,4.51,4.42,4.47
2024-05-17,4.36,4.522,4.432,4.482
2024-05-20,4.355,4.517,4.427,4.477
2024-05-21,4.359,4.521,4.431,4.481
2024-05-22,4.356,4.518,4.428,4.478
2024-05-23,4.346,4.508,4.418,4.468
2024-05-24,4.348,4.51,4.42,4.47
2024-05-27,4.336,4.498,4.408,4.458
2024-05-28,4.332,4.494,4.404,4.454
2024-05-29,4.346,4.508,4.418,4.468
2024-05-30,4.37,4.532,4.442,4.492
2024-05-31,4.364,4.526,4.436,4.486
2024-06-03,4.364,4.526,4.436,4.486
2024-06-04,4.367,4.529,4.439,4.489
2024-06-05,4.361,4.523,4.433,4.483
2024-06-06,4.346,4.508,4.418,4.468
2024-06-07,4.349,4.511,4.421,4.471
2024-06-11,4.36,4.522,4.432,4.482
2024-06-12,4.358,4.52,4.43,4.48
2024-06-13,4.352,4.514,4.424,4.474
2024-06-14,4.35,4.512,4.422,4.472
2024-06-17,4.357,4.519,4.429,4.479
2024-06-18,4.356,4.518,4.428,4.478
2024-06-19,4.35,4.512,4.422,4.472
2024-06-20,4.34,4.502,4.412,4.462
2024-06-21,4.344,4.506,4.416,4.466
2024-06-24,4.346,4.508,4.418,4.468
2024-06-25,4.356,4.518,4.428,4.478
2024-06-26,4.364,4.526,4.436,4.486
2024-06-27,4.36,4.522,4.432,4.482
2024-06-28,4.348,4.51,4.42,4.47
2024-07-01,4.362,4.524,4.434,4.484
2024-07-02,4.368,4.53,4.44,4.49
2024-07-03,4.368,4.53,4.44,4.49
2024-07-04,4.353,4.515,4.425,4.475
2024-07-05,4.36,4.522,4.432,4.482
2024-07-08,4.362,4.524,4.434,4.484
2024-07-09,4.369,4.531,4.441,4.491
2024-07-10,4.371,4.533,4.443,4.493
2024-07-11,4.365,4.527,4.437,4.487
2024-07-12,4.378,4.54,4.45,4.5
2024-07-15,4.38,4.542,4.452,4.502
2024-07-16,4.384,4.546,4.456,4.506
2024-07-17,4.384,4.546,4.456,4.506
2024-07-18,4.388,4.55,4.46,4.51
2024-07-19,4.398,4.56,4.47,4.52
2024-07-22,4.406,4.568,4.478,4.528
2024-07-23,4.409,4.571,4.481,4.531
2024-07-24,4.409,4.571,4.481,4.531
2024-07-26,4.425,4.587,4.497,4.547
2024-07-29,4.426,4.588,4.498,4.548
2024-07-30,4.425,4.587,4.497,4.547
2024-07-31,4.448,4.61,4.52,4.57
2024-08-01,4.424,4.586,4.496,4.546
2024-08-02,4.45,4.612,4.522,4.572
2024-08-05,4.475,4.637,4.547,4.597
2024-08-06,4.478,4.64,4.55,4.6
2024-08-07,4.449,4.611,4.521,4.571
2024-08-08,4.45,4.612,4.522,4.572
2024-08-09,4.422,4.584,4.494,4.544
2024-08-12,4.423,4.585,4.495,4.545
2024-08-13,4.43,4.592,4.502,4.552
2024-08-14,4.422,4.584,4.494,4.544
2024-08-15,4.412,4.574,4.484,4.534
2024-08-16,4.401,4.563,4.473,4.523
2024-08-19,4.389,4.551,4.461,4.511
2024-08-20,4.382,4.544,4.454,4.504
2024-08-21,4.38,4.542,4.452,4.502
2024-08-22,4.385,4.547,4.457,4.507
2024-08-23,4.38,4.542,4.452,4.502
2024-08-26,4.37,4.532,4.442,4.492
2024-08-27,4.379,4.541,4.451,4.501
2024-08-28,4.384,4.546,4.456,4.506
2024-08-29,4.391,4.553,4.463,4.513
2024-08-30,4.416,4.578,4.488,4.538
2024-09-02,4.408,4.57,4.48,4.53
2024-09-03,4.406,4.568,4.478,4.528
2024-09-04,4.428,4.59,4.5,4.55
2024-09-05,4.418,4.58,4.49,4.54
2024-09-06,4.411,4.573,4.483,4.533
2024-09-09,4.411,4.573,4.483,4.533
2024-09-10,4.417,4.579,4.489,4.539
2024-09-11,4.416,4.578,4.488,4.538
2024-09-12,4.409,4.571,4.481,4.531
2024-09-13,4.41,4.572,4.482,4.532
2024-09-16,4.401,4.563,4.473,4.523
2024-09-18,4.406,4.568,4.478,4.528
2024-09-19,4.418,4.58,4.49,4.54
2024-09-20,4.435,4.597,4.507,4.557
2024-09-23,4.439,4.601,4.511,4.561
2024-09-24,4.446,4.608,4.518,4.568
2024-09-25,4.44,4.602,4.512,4.562
2024-09-26,4.445,4.607,4.517,4.567
2024-09-27,4.434,4.596,4.506,4.556
2024-09-30,4.426,4.588,4.498,4.548
2024-10-01,4.434,4.596,4.506,4.556
2024-10-04,4.43,4.592,4.502,4.552
2024-10-07,4.448,4.61,4.52,4.57
2024-10-08,4.475,4.637,4.547,4.597
2024-10-09,4.456,4.618,4.528,4.578
2024-10-11,4.453,4.615,4.525,4.575
2024-10-14,4.442,4.604,4.514,4.564
2024-10-15,4.416,4.578,4.488,4.538
2024-10-16,4.418,4.58,4.49,4.54
2024-10-17,4.407,4.569,4.479,4.529
2024-10-18,4.407,4.569,4.479,4.529
2024-10-21,4.387,4.549,4.459,4.509
2024-10-22,4.397,4.559,4.469,4.519
2024-10-23,4.397,4.559,4.469,4.519
2024-10-24,4.41,4.572,4.482,4.532
2024-10-25,4.398,4.56,4.47,4.52
2024-10-28,4.397,4.559,4.469,4.519
2024-10-29,4.385,4.547,4.457,4.507
2024-10-30,4.391,4.553,4.463,4.513
2024-10-31,4.398,4.56,4.47,4.52
2024-11-01,4.384,4.546,4.456,4.506
2024-11-04,4.406,4.568,4.478,4.528
2024-11-05,4.4,4.562,4.472,4.522
2024-11-06,4.386,4.548,4.458,4.508
2024-11-07,4.395,4.557,4.467,4.517
2024-11-08,4.384,4.546,4.456,4.506
2024-11-11,4.381,4.543,4.453,4.503
2024-11-12,4.377,4.539,4.449,4.499
2024-11-13,4.387,4.549,4.459,4.509
2024-11-14,4.395,4.557,4.467,4.517
2024-11-15,4.39,4.552,4.462,4.512
2024-11-18,4.39,4.552,4.462,4.512
2024-11-19,4.377,4.539,4.449,4.499
2024-11-20,4.389,4.551,4.461,4.511
2024-11-21,4.395,4.557,4.467,4.517
2024-11-22,4.395,4.557,4.467,4.517
2024-11-25,4.379,4.541,4.451,4.501
2024-11-26,4.376,4.538,4.448,4.498
2024-11-27,4.385,4.547,4.457,4.507
2024-11-28,4.385,4.547,4.457,4.507
2024-11-29,4.39,4.552,4.462,4.512
2024-12-02,4.379,4.541,4.451,4.501
2024-12-03,4.363,4.525,4.435,4.485
2024-12-04,4.357,4.519,4.429,4.479
2024-12-05,4.362,4.524,4.434,4.484
2024-12-06,4.364,4.526,4.436,4.486
2024-12-09,4.364,4.526,4.436,4.486
2024-12-10,4.377,4.539,4.449,4.499
2024-12-11,4.368,4.53,4.44,4.49
2024-12-12,4.375,4.537,4.447,4.497
